ReviewID,EmployeeID,ReviewDate,ReviewerID,PerformanceScore,GoalsMet,PromotionRecommended
1,1001,2020-10-23,1385,5,1,No
2,1001,2024-08-08,1192,5,0,No
3,1001,2019-12-25,1723,3,5,Yes
4,1002,2020-12-20,1424,1,3,Yes
5,1002,2019-09-01,1381,4,2,Yes
6,1002,2024-09-19,1538,3,1,Yes
7,1003,2021-02-06,1804,1,1,Yes
8,1003,2021-11-29,1455,5,0,No
9,1003,2019-08-15,1927,5,1,Yes
10,1004,2022-05-10,1946,4,5,No
11,1004,2023-03-14,1795,3,1,Yes
12,1004,2023-02-20,1842,5,5,Yes
13,1005,2020-06-15,1742,1,3,No
14,1005,2020-07-27,1731,5,0,Yes
15,1006,2020-11-01,1955,1,5,Yes
16,1006,2024-12-09,1342,4,0,Yes
17,1006,2019-07-24,1534,3,0,No
18,1007,2019-07-13,1329,2,1,No
19,1007,2021-02-22,1284,5,2,No
20,1008,2019-10-03,1280,2,1,No
21,1009,2024-12-27,1016,5,4,Yes
22,1010,2021-09-10,1556,3,4,No
23,1010,2022-10-08,1278,2,5,No
24,1011,2020-12-22,1251,2,0,No
25,1011,2023-11-18,1628,3,4,No
26,1011,2023-01-15,1052,2,0,No
27,1011,2025-02-11,1925,1,0,No
28,1011,2023-11-14,1056,1,3,No
29,1012,2023-11-24,1722,5,4,No
30,1012,2021-04-18,1632,3,2,No
31,1013,2022-07-27,1731,5,0,No
32,1013,2019-12-15,1582,2,0,No
33,1014,2021-12-19,1467,3,5,No
34,1015,2025-06-01,1238,2,1,No
35,1015,2025-01-29,1935,3,3,Yes
36,1015,2021-09-21,1717,3,2,No
37,1015,2020-04-02,1500,1,0,No
38,1016,2024-05-09,1360,4,3,Yes
39,1017,2021-06-16,1787,3,4,Yes
40,1017,2023-08-25,1521,1,3,Yes
41,1017,2020-09-29,1334,5,5,Yes
42,1018,2025-04-08,1546,4,3,No
43,1018,2021-10-26,1245,5,1,Yes
44,1018,2020-09-24,1998,4,3,Yes
45,1019,2024-01-26,1214,5,3,No
46,1019,2019-12-27,1581,3,4,Yes
47,1019,2022-07-24,1178,1,5,No
48,1020,2021-12-30,1607,5,3,No
49,1021,2022-08-02,1100,4,1,No
50,1021,2022-12-18,1979,4,0,Yes
51,1021,2021-03-18,1702,5,3,No
52,1021,2021-06-05,1507,1,0,Yes
53,1021,2020-05-27,1837,2,4,Yes
54,1022,2023-03-11,1677,2,3,No
55,1022,2023-04-26,1400,5,4,No
56,1023,2025-06-20,1211,3,2,No
57,1023,2021-06-10,1941,4,5,No
58,1024,2021-11-09,1597,1,4,No
59,1025,2020-06-29,1873,3,0,No
60,1025,2021-04-28,1923,5,0,Yes
61,1026,2022-02-12,1841,3,0,No
62,1026,2024-10-21,1887,1,1,No
63,1026,2022-08-23,1720,5,3,No
64,1026,2023-11-16,1729,4,3,No
65,1026,2025-04-16,1446,5,1,Yes
66,1027,2020-07-15,1143,2,4,No
67,1027,2021-03-02,1864,3,3,Yes
68,1027,2021-11-17,1296,2,1,Yes
69,1027,2021-03-10,1074,1,1,No
70,1028,2019-08-22,1999,2,0,Yes
71,1028,2022-02-02,1658,4,3,No
72,1028,2022-01-16,1639,2,3,No
73,1028,2020-11-17,1566,4,3,No
74,1029,2019-10-31,1191,4,4,Yes
75,1029,2024-11-13,1592,4,5,Yes
76,1030,2025-06-22,1276,4,4,No
77,1030,2021-05-11,1035,1,4,No
78,1030,2023-05-14,1722,3,0,No
79,1030,2020-03-27,1985,1,1,No
80,1030,2021-08-26,1477,5,0,Yes
81,1031,2020-08-09,1484,1,5,No
82,1031,2022-03-31,1628,1,2,Yes
83,1032,2024-12-03,1465,5,3,No
84,1032,2025-01-18,1432,3,2,No
85,1032,2024-06-11,1172,1,5,No
86,1032,2020-10-18,1745,5,2,Yes
87,1033,2022-10-09,1593,2,4,Yes
88,1033,2023-05-04,1673,3,5,Yes
89,1033,2024-04-10,1294,4,0,Yes
90,1033,2021-08-02,1518,1,2,No
91,1034,2024-05-28,1631,3,2,No
92,1034,2023-01-18,1015,1,4,Yes
93,1035,2020-04-26,1757,2,5,No
94,1035,2020-07-23,1379,2,2,Yes
95,1035,2024-02-01,1497,2,4,Yes
96,1035,2020-01-02,1352,1,1,Yes
97,1035,2023-11-28,1858,4,3,No
98,1036,2025-03-14,1677,4,5,Yes
99,1036,2024-08-04,1216,5,5,No
100,1037,2021-02-27,1658,3,0,Yes
101,1038,2023-12-31,1476,4,3,No
102,1038,2021-03-02,1488,5,1,No
103,1039,2022-09-23,1486,3,1,No
104,1039,2022-06-06,1013,3,3,No
105,1039,2023-10-04,1695,3,4,Yes
106,1039,2023-12-11,1100,5,5,No
107,1040,2025-03-08,1626,3,2,No
108,1040,2020-07-07,1274,1,2,No
109,1040,2020-12-05,1473,2,5,Yes
110,1040,2019-08-01,1533,3,5,Yes
111,1041,2023-08-30,1561,1,5,Yes
112,1041,2023-10-07,1852,1,0,No
113,1041,2024-12-01,1101,5,0,No
114,1042,2022-07-19,1225,3,2,Yes
115,1042,2019-11-25,1035,1,4,Yes
116,1042,2019-11-01,1059,5,5,Yes
117,1043,2025-03-06,1654,1,5,Yes
118,1043,2025-06-03,1089,5,1,No
119,1043,2021-08-31,1673,5,1,Yes
120,1043,2024-03-28,1713,2,2,No
121,1043,2023-05-30,1479,1,5,No
122,1044,2022-10-19,1788,4,5,No
123,1044,2023-04-21,1264,2,0,No
124,1044,2025-04-01,1796,1,3,No
125,1045,2022-12-13,1062,3,2,Yes
126,1045,2022-05-09,1452,1,3,Yes
127,1045,2019-11-11,1625,4,1,No
128,1046,2019-07-19,1148,5,3,Yes
129,1047,2021-10-23,1659,1,3,No
130,1047,2019-10-10,1106,1,0,Yes
131,1047,2021-06-14,1586,3,3,Yes
132,1047,2021-07-20,1919,4,1,Yes
133,1047,2024-07-16,1956,1,5,No
134,1048,2023-08-05,1156,3,3,Yes
135,1048,2023-01-28,1528,4,3,No
136,1048,2025-05-17,1414,1,4,Yes
137,1049,2020-03-16,1394,4,0,No
138,1050,2019-10-29,1699,3,3,Yes
139,1050,2024-05-26,1648,1,2,No
140,1050,2020-12-13,1083,4,2,Yes
141,1051,2021-09-27,1568,1,3,Yes
142,1051,2023-06-04,1307,4,0,No
143,1052,2022-10-09,1087,4,5,Yes
144,1052,2022-05-10,1144,1,1,Yes
145,1052,2019-08-04,1738,5,1,No
146,1052,2021-01-10,1399,1,4,No
147,1053,2025-02-11,1547,4,0,Yes
148,1053,2023-02-28,1348,1,2,Yes
149,1053,2021-07-04,1416,1,1,No
150,1053,2024-03-01,1963,5,1,Yes
151,1054,2022-04-22,1038,2,3,Yes
152,1055,2024-11-30,1929,5,0,Yes
153,1055,2023-12-07,1719,2,0,Yes
154,1055,2023-12-01,1648,1,2,Yes
155,1055,2020-09-23,1468,5,1,Yes
156,1056,2024-10-30,1117,4,4,Yes
157,1057,2020-02-04,1824,2,3,No
158,1058,2019-09-10,1333,1,5,Yes
159,1058,2022-12-29,1330,2,0,Yes
160,1058,2022-04-19,1344,1,0,No
161,1058,2019-11-10,1145,4,1,No
162,1059,2019-10-05,1169,4,1,Yes
163,1059,2024-06-16,1137,1,5,No
164,1059,2024-08-31,1797,2,0,No
165,1059,2022-09-24,1083,1,0,Yes
166,1059,2023-05-11,1949,1,5,No
167,1060,2020-10-17,1711,4,5,Yes
168,1060,2020-01-04,1212,2,5,No
169,1060,2020-08-26,1536,4,3,Yes
170,1060,2025-02-05,1961,2,4,Yes
171,1061,2020-05-07,1185,4,4,Yes
172,1061,2020-02-15,1643,3,2,No
173,1061,2022-01-16,1005,5,1,Yes
174,1061,2025-04-22,1121,5,0,No
175,1061,2023-02-06,1884,5,4,Yes
176,1062,2019-07-17,1789,2,2,Yes
177,1062,2022-01-04,1199,1,1,No
178,1062,2020-11-30,1510,2,1,Yes
179,1062,2025-02-23,1056,3,2,Yes
180,1063,2025-03-27,1258,3,4,No
181,1063,2023-08-15,1045,1,5,Yes
182,1063,2022-03-01,1948,5,1,Yes
183,1063,2024-12-01,1805,1,3,Yes
184,1064,2020-09-30,1917,2,5,No
185,1065,2023-01-30,1594,3,3,Yes
186,1065,2023-12-30,1766,3,1,Yes
187,1065,2023-03-21,1334,2,0,Yes
188,1065,2023-04-09,1756,4,1,No
189,1065,2025-02-04,1913,2,0,No
190,1066,2019-11-07,1497,1,3,Yes
191,1066,2020-08-20,1222,5,3,Yes
192,1066,2023-12-23,1397,3,1,No
193,1066,2021-05-10,1738,2,5,No
194,1066,2024-12-21,1999,3,1,No
195,1067,2021-06-17,1033,5,0,No
196,1067,2020-05-28,1140,1,3,No
197,1068,2019-11-07,1176,3,1,No
198,1068,2024-08-09,1619,2,5,Yes
199,1068,2020-07-10,1592,5,1,Yes
200,1068,2024-09-27,1422,5,3,Yes
201,1069,2023-05-18,1485,4,2,Yes
202,1069,2020-12-11,1748,4,5,Yes
203,1069,2023-05-11,1254,3,3,Yes
204,1069,2024-09-20,1914,5,1,Yes
205,1069,2024-01-21,1428,1,0,No
206,1070,2020-04-30,1035,4,4,No
207,1070,2023-04-03,1491,1,3,No
208,1070,2022-07-30,1247,1,4,Yes
209,1070,2020-10-10,1710,4,1,Yes
210,1070,2021-12-23,1368,3,1,Yes
211,1071,2023-08-19,1492,3,1,No
212,1072,2025-02-12,1766,5,0,No
213,1072,2020-03-08,1475,2,5,No
214,1072,2022-06-29,1190,3,5,No
215,1072,2023-11-08,1721,1,5,Yes
216,1072,2021-03-28,1395,3,4,Yes
217,1073,2022-06-15,1437,3,5,Yes
218,1073,2020-04-15,1807,1,4,No
219,1073,2023-05-20,1754,1,4,No
220,1074,2025-06-19,1114,4,2,No
221,1075,2022-11-24,1042,3,2,Yes
222,1075,2021-08-01,1664,5,5,Yes
223,1075,2025-06-04,1575,2,1,No
224,1075,2024-07-18,1245,5,0,No
225,1075,2022-01-14,1756,5,5,Yes
226,1076,2024-07-07,1329,3,2,No
227,1076,2021-09-05,1284,1,0,No
228,1077,2023-10-16,1464,4,4,Yes
229,1077,2025-06-07,1482,5,5,No
230,1077,2023-09-07,1463,5,2,Yes
231,1078,2021-08-30,1914,4,0,Yes
232,1078,2023-12-13,1401,2,2,Yes
233,1079,2020-12-07,1169,3,0,Yes
234,1080,2020-03-13,1155,2,4,Yes
235,1080,2019-09-29,1301,4,5,Yes
236,1080,2021-12-12,1486,3,3,No
237,1080,2023-12-05,1756,1,2,Yes
238,1081,2021-03-08,1023,2,4,No
239,1082,2022-10-05,1593,3,5,No
240,1082,2024-09-27,1498,5,5,No
241,1082,2023-04-09,1469,3,4,Yes
242,1082,2023-04-14,1920,3,1,No
243,1083,2019-10-28,1496,3,2,Yes
244,1083,2025-01-16,1152,3,2,No
245,1084,2023-05-05,1634,2,5,No
246,1084,2024-04-20,1187,2,5,Yes
247,1085,2023-07-31,1244,1,0,No
248,1085,2020-10-23,1589,2,3,No
249,1086,2025-02-02,1189,2,4,Yes
250,1086,2019-09-06,1682,3,2,Yes
251,1086,2020-07-20,1382,4,4,Yes
252,1087,2021-02-11,1309,1,0,No
253,1087,2022-10-30,1954,4,1,No
254,1087,2022-04-02,1951,3,1,Yes
255,1087,2025-06-21,1994,5,4,No
256,1087,2023-12-03,1663,3,3,No
257,1088,2024-06-28,1683,2,4,No
258,1088,2023-04-03,1347,1,5,No
259,1088,2023-07-19,1922,1,1,Yes
260,1088,2021-09-15,1316,1,3,Yes
261,1088,2021-11-28,1457,3,0,No
262,1089,2021-05-15,1623,2,4,Yes
263,1090,2024-09-07,1201,1,0,No
264,1090,2021-09-20,1694,1,4,No
265,1090,2022-01-13,1200,4,2,Yes
266,1091,2022-05-06,1408,2,5,No
267,1091,2021-10-22,1379,4,2,Yes
268,1091,2023-04-28,1292,3,2,No
269,1092,2021-08-18,1896,5,0,Yes
270,1092,2019-10-03,1746,4,5,No
271,1092,2023-10-05,1823,4,2,Yes
272,1092,2021-09-29,1826,4,5,No
273,1093,2021-02-01,1856,5,4,Yes
274,1093,2022-10-17,1148,2,2,No
275,1094,2019-08-17,1344,1,4,No
276,1094,2021-12-13,1091,1,3,No
277,1094,2022-01-07,1425,2,4,No
278,1094,2020-08-26,1728,5,1,Yes
279,1094,2019-11-10,1191,4,2,No
280,1095,2024-01-09,1843,3,4,No
281,1096,2022-10-18,1573,4,1,Yes
282,1096,2023-04-18,1811,1,1,No
283,1096,2021-03-17,1308,4,0,No
284,1096,2019-10-22,1428,2,3,Yes
285,1097,2021-03-16,1123,3,3,Yes
286,1098,2023-10-30,1764,3,4,No
287,1098,2020-12-25,1580,4,2,No
288,1098,2021-01-26,1998,1,2,Yes
289,1098,2024-04-20,1866,3,1,Yes
290,1098,2021-12-18,1150,3,3,Yes
291,1099,2024-09-21,1168,1,2,No
292,1099,2024-12-09,1430,3,0,No
293,1099,2020-05-07,1299,5,5,Yes
294,1100,2023-10-31,1199,2,0,Yes
295,1100,2021-11-28,1557,3,2,No
296,1100,2021-09-29,1278,3,0,No
297,1100,2024-12-18,1844,2,0,Yes
298,1100,2020-11-27,1531,3,2,No
299,1101,2025-02-09,1349,2,0,Yes
300,1101,2023-02-08,1159,5,1,Yes
301,1101,2019-08-09,1815,5,4,Yes
302,1101,2024-06-14,1428,4,0,Yes
303,1102,2019-10-09,1946,1,3,No
304,1102,2023-09-16,1320,3,1,No
305,1103,2024-11-30,1536,3,1,No
306,1103,2025-01-10,1030,1,1,Yes
307,1103,2021-10-29,1878,2,5,Yes
308,1103,2020-03-26,1315,2,1,Yes
309,1103,2023-07-24,1081,4,5,Yes
310,1104,2024-03-29,1020,4,3,Yes
311,1105,2020-07-22,1111,1,5,Yes
312,1105,2025-06-13,1481,1,2,Yes
313,1106,2019-12-25,1309,1,0,Yes
314,1107,2023-05-08,1211,5,1,Yes
315,1107,2023-10-13,1687,3,0,Yes
316,1107,2022-07-22,1150,3,4,No
317,1107,2019-08-30,1361,2,4,Yes
318,1107,2020-05-28,1518,5,0,Yes
319,1108,2020-12-20,1782,1,4,Yes
320,1108,2020-06-28,1733,2,2,Yes
321,1108,2020-03-19,1924,5,0,Yes
322,1108,2021-03-04,1947,2,4,No
323,1108,2021-04-20,1376,5,1,No
324,1109,2020-05-10,1186,3,3,No
325,1110,2025-04-23,1527,2,3,Yes
326,1110,2019-08-03,1780,3,0,No
327,1111,2025-02-19,1533,2,3,No
328,1112,2021-11-16,1571,1,0,No
329,1112,2024-05-04,1506,1,3,No
330,1112,2023-12-06,1468,5,5,No
331,1113,2023-10-29,1232,5,3,No
332,1113,2022-05-12,1876,4,1,Yes
333,1113,2023-10-13,1917,4,5,No
334,1113,2022-07-25,1184,1,5,No
335,1114,2019-12-30,1406,4,4,Yes
336,1115,2022-10-30,1147,4,3,Yes
337,1116,2024-08-01,1067,3,1,No
338,1116,2021-03-14,1206,5,3,Yes
339,1117,2019-12-15,1859,4,5,No
340,1117,2023-12-31,1286,5,4,No
341,1118,2021-09-10,1365,4,5,No
342,1118,2021-11-20,1497,5,2,Yes
343,1118,2020-01-09,1787,4,0,Yes
344,1118,2021-05-20,1257,4,3,Yes
345,1119,2019-07-12,1031,1,5,Yes
346,1119,2019-08-12,1851,1,3,Yes
347,1120,2019-12-08,1392,5,5,No
348,1120,2020-02-04,1157,3,4,Yes
349,1121,2020-01-17,1677,5,3,No
350,1122,2025-04-17,1301,4,3,No
351,1122,2020-10-15,1556,3,4,Yes
352,1123,2022-11-09,1441,1,3,No
353,1124,2023-12-21,1874,4,3,No
354,1124,2020-12-24,1037,1,1,No
355,1124,2022-06-01,1906,2,3,No
356,1125,2023-01-14,1320,4,3,Yes
357,1125,2022-11-23,1583,4,5,No
358,1126,2021-05-03,1576,2,4,Yes
359,1126,2022-06-10,1401,3,3,No
360,1126,2023-07-02,1632,3,2,No
361,1126,2024-03-04,1063,1,4,Yes
362,1127,2024-04-25,1858,3,2,Yes
363,1127,2019-09-22,1784,3,3,Yes
364,1128,2025-06-25,1354,3,3,No
365,1128,2019-10-15,1058,2,1,Yes
366,1128,2022-08-29,1664,3,4,Yes
367,1128,2023-01-20,1933,1,2,Yes
368,1129,2024-05-16,1174,1,4,No
369,1129,2021-10-07,1039,4,5,No
370,1129,2023-01-19,1582,5,3,No
371,1130,2021-04-20,1713,4,4,Yes
372,1131,2022-10-25,1387,5,3,No
373,1131,2023-08-19,1587,1,3,Yes
374,1131,2025-03-30,1708,2,2,No
375,1132,2021-12-22,1831,3,1,No
376,1132,2023-10-12,1373,4,1,No
377,1132,2020-04-27,1651,1,4,Yes
378,1132,2025-04-10,1295,3,0,No
379,1132,2019-09-10,1588,4,1,Yes
380,1133,2021-10-29,1098,5,2,No
381,1133,2021-04-27,1069,5,4,No
382,1133,2023-08-27,1438,2,2,Yes
383,1133,2020-05-07,1668,3,4,No
384,1133,2022-05-19,1444,5,2,Yes
385,1134,2024-01-19,1412,3,4,No
386,1134,2020-07-10,1688,5,1,Yes
387,1134,2019-09-14,1643,5,1,No
388,1134,2020-04-29,1219,4,2,No
389,1135,2022-11-05,1745,1,4,Yes
390,1135,2025-02-02,1374,4,1,Yes
391,1135,2020-04-18,1155,3,3,No
392,1135,2020-05-04,1327,1,5,Yes
393,1135,2025-06-02,1867,4,2,No
394,1136,2021-04-19,1263,5,1,No
395,1136,2025-01-07,1245,1,1,Yes
396,1137,2022-08-06,1252,3,3,No
397,1138,2023-01-20,1447,4,5,Yes
398,1138,2023-09-07,1207,2,2,Yes
399,1138,2024-04-07,1030,3,2,Yes
400,1138,2022-01-01,1660,1,5,No
401,1138,2023-11-13,1802,1,0,Yes
402,1139,2024-07-13,1617,3,0,No
403,1139,2021-11-16,1919,3,5,Yes
404,1139,2023-08-25,1407,2,1,Yes
405,1140,2022-10-04,1753,5,0,No
406,1140,2019-08-17,1509,1,1,Yes
407,1140,2022-10-25,1792,3,2,No
408,1140,2023-02-07,1826,2,3,Yes
409,1140,2020-02-26,1148,1,1,Yes
410,1141,2024-09-15,1451,4,2,Yes
411,1141,2020-04-14,1503,5,2,Yes
412,1141,2025-02-24,1325,5,3,No
413,1142,2019-12-01,1987,3,1,No
414,1142,2025-02-03,1487,3,2,Yes
415,1143,2022-06-01,1036,1,5,Yes
416,1143,2022-01-25,1260,5,3,No
417,1143,2024-03-15,1655,3,5,Yes
418,1143,2025-04-12,1548,2,3,No
419,1143,2020-10-29,1009,4,2,No
420,1144,2025-05-25,1959,2,2,Yes
421,1145,2021-03-14,1938,4,5,No
422,1145,2024-05-17,1901,4,0,No
423,1146,2024-02-16,1843,4,3,No
424,1147,2020-07-11,1735,4,0,Yes
425,1147,2024-11-02,1716,3,4,Yes
426,1147,2021-07-29,1361,4,4,No
427,1148,2023-08-30,1712,1,0,Yes
428,1148,2023-11-27,1646,4,5,Yes
429,1148,2021-07-21,1004,4,1,No
430,1148,2020-11-04,1322,5,0,Yes
431,1149,2022-04-25,1256,5,5,Yes
432,1149,2023-10-18,1868,5,5,No
433,1150,2024-10-29,1463,4,5,Yes
434,1150,2024-12-10,1267,2,5,No
435,1150,2024-04-12,1819,3,1,Yes
436,1151,2021-02-03,1377,2,3,No
437,1151,2020-04-26,1968,5,1,Yes
438,1151,2021-08-16,1971,1,4,Yes
439,1151,2019-10-07,1929,1,3,Yes
440,1152,2023-02-21,1719,2,0,No
441,1152,2023-06-11,1633,4,4,No
442,1152,2021-06-23,1153,1,2,Yes
443,1153,2019-08-26,1121,1,5,No
444,1153,2022-07-10,1792,4,5,No
445,1153,2023-10-11,1122,2,5,Yes
446,1153,2025-04-14,1196,3,2,No
447,1153,2020-03-21,1392,2,3,Yes
448,1154,2020-04-27,1221,3,5,Yes
449,1154,2023-02-26,1429,2,3,Yes
450,1154,2024-07-24,1030,3,2,Yes
451,1154,2021-02-23,1633,4,1,No
452,1154,2024-10-03,1597,4,0,Yes
453,1155,2022-07-07,1137,3,5,No
454,1155,2025-06-23,1704,2,5,No
455,1155,2022-08-17,1726,4,5,No
456,1155,2024-02-09,1075,1,4,Yes
457,1156,2020-02-04,1341,2,3,No
458,1157,2020-08-30,1962,5,5,Yes
459,1157,2024-03-29,1006,3,4,No
460,1157,2023-01-10,1310,4,5,No
461,1157,2021-12-31,1136,5,0,Yes
462,1157,2019-11-18,1267,2,4,No
463,1158,2020-08-09,1899,4,1,Yes
464,1158,2020-04-25,1325,5,3,Yes
465,1158,2020-01-06,1267,1,2,Yes
466,1159,2022-11-12,1512,3,5,No
467,1159,2024-03-31,1949,4,2,No
468,1160,2020-05-23,1850,3,4,No
469,1160,2022-09-21,1447,2,2,No
470,1160,2024-01-23,1783,2,4,No
471,1160,2025-01-26,1055,2,1,Yes
472,1160,2022-08-16,1236,2,0,No
473,1161,2020-03-23,1168,4,3,Yes
474,1161,2025-01-13,1917,4,0,No
475,1161,2021-02-01,1366,5,3,No
476,1162,2021-01-30,1116,2,0,No
477,1162,2022-06-05,1096,2,2,Yes
478,1162,2021-02-10,1855,2,5,No
479,1162,2024-08-07,1577,5,1,Yes
480,1163,2023-11-28,1786,5,1,No
481,1163,2024-10-23,1943,1,1,No
482,1163,2022-01-14,1694,1,2,Yes
483,1163,2025-02-04,1292,1,3,No
484,1163,2021-07-16,1605,1,2,Yes
485,1164,2025-01-17,1084,4,5,No
486,1165,2021-03-07,1644,3,4,Yes
487,1165,2022-08-24,1338,1,5,No
488,1165,2024-10-07,1333,5,1,Yes
489,1165,2022-07-14,1884,1,5,No
490,1166,2019-12-29,1818,1,5,Yes
491,1166,2023-03-18,1561,5,3,Yes
492,1166,2023-08-18,1409,3,1,Yes
493,1167,2024-11-08,1092,1,1,Yes
494,1167,2021-01-21,1398,4,2,Yes
495,1167,2025-05-07,1124,3,3,No
496,1167,2020-10-29,1754,3,5,Yes
497,1168,2025-03-12,1682,1,2,Yes
498,1168,2019-09-10,1502,4,3,No
499,1168,2023-10-10,1275,5,4,No
500,1169,2024-03-06,1775,4,2,Yes
501,1170,2019-11-26,1646,4,0,Yes
502,1170,2023-05-31,1526,3,3,Yes
503,1170,2023-05-05,1664,2,3,Yes
504,1170,2020-02-20,1298,4,3,Yes
505,1171,2022-05-25,1308,2,1,No
506,1171,2024-03-22,1862,2,4,No
507,1171,2019-08-04,1303,5,0,Yes
508,1171,2025-01-26,1940,1,4,Yes
509,1172,2021-04-11,1436,4,0,No
510,1172,2023-04-10,1677,5,2,No
511,1172,2023-01-18,1261,5,0,Yes
512,1172,2023-06-07,1117,4,1,Yes
513,1172,2022-06-30,1864,4,0,Yes
514,1173,2019-07-09,1898,3,2,No
515,1173,2023-10-09,1776,4,4,No
516,1173,2021-03-28,1350,2,1,Yes
517,1173,2023-05-19,1081,5,2,Yes
518,1174,2024-07-10,1548,1,0,No
519,1174,2023-02-25,1120,1,1,No
520,1174,2025-05-31,1472,4,5,No
521,1174,2019-10-09,1311,5,4,No
522,1175,2021-02-01,1824,3,0,Yes
523,1175,2019-11-04,1139,1,1,Yes
524,1175,2025-05-16,1836,1,5,Yes
525,1175,2023-12-16,1880,1,1,No
526,1176,2019-09-18,1666,2,3,Yes
527,1176,2022-02-12,1089,3,3,Yes
528,1177,2019-11-05,1433,1,0,Yes
529,1177,2022-09-25,1925,2,5,No
530,1177,2021-02-05,1987,4,3,Yes
531,1177,2019-12-17,1881,4,4,Yes
532,1178,2024-07-11,1302,5,3,Yes
533,1178,2019-12-16,1342,1,0,No
534,1179,2019-11-11,1869,4,5,No
535,1179,2021-01-30,1038,4,3,No
536,1179,2020-01-07,1526,5,5,No
537,1179,2023-02-02,1238,1,4,Yes
538,1180,2024-02-17,1591,3,4,Yes
539,1180,2024-11-07,1275,4,3,Yes
540,1180,2022-01-04,1507,5,5,No
541,1180,2024-11-25,1460,4,0,Yes
542,1181,2022-05-18,1744,2,3,No
543,1181,2019-12-14,1449,2,4,Yes
544,1181,2020-08-12,1602,3,4,No
545,1182,2024-08-31,1905,3,5,No
546,1182,2023-08-02,1983,4,5,No
547,1183,2020-04-04,1819,2,4,Yes
548,1183,2020-03-29,1290,1,5,No
549,1183,2019-07-14,1133,2,1,Yes
550,1183,2025-04-21,1621,4,0,No
551,1184,2025-02-01,1311,2,1,Yes
552,1184,2025-04-03,1019,3,2,No
553,1184,2021-11-19,1694,2,1,Yes
554,1184,2021-04-11,1827,1,2,No
555,1185,2023-03-19,1633,2,0,Yes
556,1186,2021-07-23,1265,3,2,Yes
557,1186,2022-05-02,1789,5,2,Yes
558,1186,2020-03-24,1874,5,4,Yes
559,1186,2019-07-13,1724,1,3,No
560,1187,2023-08-25,1999,1,4,Yes
561,1188,2021-04-24,1043,5,0,Yes
562,1188,2022-07-28,1646,1,1,No
563,1188,2022-08-13,1161,3,5,No
564,1188,2024-10-27,1781,5,3,Yes
565,1188,2020-12-04,1158,3,2,Yes
566,1189,2019-09-25,1869,2,3,No
567,1190,2023-09-23,1252,4,2,No
568,1191,2022-12-06,1176,1,2,No
569,1191,2023-02-19,1733,4,2,Yes
570,1191,2020-10-18,1156,5,3,Yes
571,1191,2022-04-22,1142,4,3,No
572,1191,2024-08-10,1920,4,4,No
573,1192,2021-05-14,1454,2,0,Yes
574,1193,2024-04-30,1347,3,3,Yes
575,1194,2024-07-02,1063,4,0,Yes
576,1194,2020-11-11,1925,5,0,No
577,1194,2021-09-27,1430,4,5,No
578,1194,2022-05-05,1739,3,2,Yes
579,1195,2020-12-31,1922,5,4,Yes
580,1195,2024-07-30,1718,4,3,Yes
581,1195,2021-11-02,1909,5,4,No
582,1196,2019-07-22,1909,4,1,No
583,1196,2024-08-18,1087,1,4,No
584,1196,2020-06-01,1400,2,4,No
585,1197,2021-06-26,1096,5,4,No
586,1197,2023-04-06,1534,3,5,Yes
587,1198,2024-12-18,1029,5,4,No
588,1199,2020-08-31,1853,3,5,No
589,1199,2021-04-27,1518,1,5,Yes
590,1200,2023-08-28,1266,5,2,Yes
591,1200,2023-05-18,1049,1,3,No
592,1200,2025-01-18,1587,1,3,No
593,1201,2023-05-08,1825,5,4,Yes
594,1201,2023-07-10,1359,3,2,Yes
595,1202,2020-01-29,1533,2,0,No
596,1202,2022-09-16,1529,5,1,No
597,1202,2020-10-28,1466,1,1,No
598,1202,2025-04-10,1849,4,0,Yes
599,1203,2021-02-05,1436,2,3,Yes
600,1204,2021-07-12,1080,3,5,No
601,1204,2021-04-15,1603,5,4,No
602,1204,2022-07-31,1893,3,4,No
603,1204,2023-01-06,1652,4,3,No
604,1205,2023-05-15,1844,2,1,Yes
605,1205,2021-02-16,1497,4,1,Yes
606,1205,2019-11-20,1712,2,3,No
607,1205,2019-09-17,1034,2,4,No
608,1206,2022-06-21,1617,4,0,Yes
609,1207,2024-02-02,1586,3,0,Yes
610,1207,2019-08-04,1121,3,2,No
611,1207,2020-08-05,1311,3,3,Yes
612,1208,2020-01-16,1146,5,3,Yes
613,1208,2023-03-09,1960,3,2,Yes
614,1209,2020-01-23,1839,4,0,Yes
615,1209,2020-05-28,1561,3,0,Yes
616,1210,2024-03-02,1493,5,2,No
617,1210,2024-02-28,1922,3,3,No
618,1210,2022-03-02,1855,5,1,Yes
619,1210,2020-11-09,1517,4,3,No
620,1211,2024-06-23,1888,3,0,No
621,1211,2021-07-07,1397,2,3,No
622,1212,2024-11-05,1047,4,5,No
623,1212,2024-07-20,1662,1,1,Yes
624,1212,2023-04-07,1586,3,4,Yes
625,1212,2020-06-15,1660,5,0,Yes
626,1212,2024-12-04,1979,5,4,Yes
627,1213,2022-04-05,1535,2,3,Yes
628,1213,2024-07-24,1124,5,1,Yes
629,1213,2022-11-26,1282,2,1,No
630,1213,2021-05-28,1087,5,4,No
631,1213,2024-01-07,1412,5,0,No
632,1214,2019-12-16,1349,4,1,No
633,1215,2023-08-31,1881,5,2,No
634,1216,2023-07-02,1094,1,0,Yes
635,1216,2020-03-19,1293,2,1,No
636,1216,2020-12-29,1787,1,1,No
637,1217,2023-07-19,1695,2,0,No
638,1217,2020-05-23,1186,1,5,Yes
639,1217,2024-02-09,1306,4,0,No
640,1217,2024-02-06,1146,4,2,No
641,1218,2020-02-28,1965,1,0,Yes
642,1218,2021-03-07,1246,5,4,Yes
643,1218,2020-04-14,1505,5,4,No
644,1218,2023-12-16,1973,1,2,Yes
645,1219,2019-12-25,1476,5,3,Yes
646,1219,2025-01-21,1496,1,3,Yes
647,1219,2023-06-02,1936,1,2,Yes
648,1220,2020-10-20,1782,5,5,Yes
649,1220,2024-06-21,1312,5,3,No
650,1221,2020-12-19,1867,5,1,Yes
651,1222,2020-03-21,1554,2,1,No
652,1222,2023-12-18,1985,5,3,Yes
653,1222,2022-07-23,1002,4,4,No
654,1223,2022-01-09,1001,1,3,No
655,1223,2025-03-10,1613,3,5,No
656,1224,2020-02-28,1863,2,4,No
657,1224,2020-08-10,1047,2,5,Yes
658,1224,2024-05-19,1308,1,3,Yes
659,1225,2024-02-14,1743,5,2,No
660,1225,2022-05-20,1216,5,4,No
661,1226,2020-08-15,1651,3,5,No
662,1226,2022-11-04,1280,2,5,No
663,1226,2025-06-20,1350,2,3,No
664,1227,2020-12-29,1936,2,5,Yes
665,1228,2024-07-24,1488,1,0,Yes
666,1228,2023-03-05,1424,5,5,No
667,1228,2023-06-03,1781,4,4,Yes
668,1228,2023-12-17,1807,1,4,Yes
669,1228,2021-05-26,1914,4,5,Yes
670,1229,2020-11-28,1996,4,4,No
671,1229,2025-01-05,1397,2,5,Yes
672,1229,2022-10-14,1128,4,2,Yes
673,1230,2023-07-16,1010,2,5,Yes
674,1230,2024-04-10,1777,3,5,No
675,1230,2019-08-03,1197,1,4,No
676,1230,2024-11-01,1828,2,1,No
677,1231,2020-06-03,1038,3,3,Yes
678,1231,2022-07-11,1008,2,5,No
679,1231,2022-10-18,1114,3,4,No
680,1232,2024-07-25,1566,2,5,Yes
681,1232,2023-12-23,1067,5,1,Yes
682,1233,2020-04-20,1266,5,1,No
683,1233,2021-07-31,1197,1,5,No
684,1234,2019-11-19,1905,4,0,No
685,1234,2021-03-13,1657,1,2,No
686,1234,2022-11-10,1865,4,2,Yes
687,1234,2025-05-29,1697,5,3,No
688,1234,2021-03-27,1371,5,0,Yes
689,1235,2020-08-20,1285,4,4,No
690,1236,2020-07-11,1006,4,1,No
691,1236,2021-04-28,1084,5,0,Yes
692,1236,2021-05-26,1707,4,0,Yes
693,1237,2025-05-06,1169,3,2,Yes
694,1237,2023-03-13,1642,1,0,No
695,1238,2024-11-07,1828,1,4,No
696,1238,2021-05-13,1861,3,1,Yes
697,1238,2022-06-20,1485,2,2,Yes
698,1238,2020-01-07,1842,3,4,Yes
699,1239,2021-07-09,1795,5,4,No
700,1240,2020-05-29,1641,4,4,Yes
701,1241,2023-01-25,1998,1,0,No
702,1242,2025-06-07,1912,1,1,Yes
703,1242,2020-09-06,1942,4,0,No
704,1242,2019-12-17,1626,4,0,Yes
705,1243,2021-03-12,1573,1,2,No
706,1244,2024-07-21,1099,5,3,Yes
707,1244,2022-12-04,1886,5,5,Yes
708,1244,2025-06-29,1465,4,3,No
709,1244,2023-06-28,1902,5,4,Yes
710,1245,2024-07-26,1667,1,3,No
711,1245,2025-06-22,1602,2,0,Yes
712,1245,2023-01-24,1013,5,5,Yes
713,1246,2021-07-30,1809,2,4,Yes
714,1246,2019-10-17,1653,5,2,No
715,1246,2020-02-01,1432,4,5,No
716,1246,2021-03-26,1191,2,1,Yes
717,1246,2024-11-18,1062,2,2,No
718,1247,2024-12-11,1983,3,2,Yes
719,1247,2023-06-05,1151,4,2,No
720,1247,2023-03-19,1299,3,0,Yes
721,1247,2024-12-14,1059,2,4,Yes
722,1247,2024-09-15,1433,3,1,Yes
723,1248,2021-09-04,1805,1,2,Yes
724,1248,2022-11-17,1684,4,5,No
725,1249,2023-09-04,1710,3,4,No
726,1249,2024-07-09,1631,3,3,No
727,1249,2022-02-10,1167,1,3,Yes
728,1249,2020-12-12,1508,2,0,Yes
729,1249,2024-02-11,1710,2,3,Yes
730,1250,2023-04-20,1493,3,5,No
731,1250,2024-05-28,1211,4,1,Yes
732,1251,2023-12-26,1011,1,2,Yes
733,1251,2024-03-30,1569,1,1,No
734,1251,2023-02-22,1451,2,5,No
735,1252,2022-09-21,1999,1,1,Yes
736,1253,2023-09-27,1179,2,2,Yes
737,1253,2023-01-15,1348,5,1,Yes
738,1253,2025-03-17,1201,1,1,No
739,1254,2021-11-08,1022,2,3,Yes
740,1255,2019-11-04,1959,2,2,No
741,1255,2022-10-27,1246,3,2,Yes
742,1255,2025-03-07,1964,5,4,No
743,1256,2024-09-20,1122,2,1,Yes
744,1257,2023-10-04,1546,4,5,No
745,1257,2019-11-08,1326,5,3,Yes
746,1258,2023-07-04,1782,5,4,Yes
747,1259,2023-01-24,1302,2,2,Yes
748,1259,2021-08-17,1055,3,1,No
749,1259,2020-02-02,1215,1,3,Yes
750,1259,2020-05-23,1172,5,3,No
751,1259,2021-10-16,1511,5,3,Yes
752,1260,2021-03-05,1730,3,4,No
753,1260,2022-12-15,1733,4,3,No
754,1260,2025-02-05,1596,4,5,Yes
755,1261,2022-07-13,1225,2,3,Yes
756,1261,2021-10-22,1406,2,2,No
757,1262,2022-04-21,1586,2,2,No
758,1262,2023-08-23,1564,1,1,Yes
759,1262,2023-09-08,1303,4,4,No
760,1262,2025-02-25,1236,5,0,No
761,1263,2025-04-01,1637,3,3,No
762,1263,2023-12-07,1479,4,3,No
763,1263,2022-10-17,1824,4,2,No
764,1263,2025-07-07,1392,1,1,No
765,1263,2021-03-18,1240,3,5,Yes
766,1264,2024-12-16,1924,1,2,Yes
767,1264,2020-05-26,1805,3,1,Yes
768,1264,2020-03-12,1122,1,2,Yes
769,1265,2022-07-12,1206,3,1,No
770,1265,2019-08-02,1257,3,5,No
771,1265,2020-07-13,1196,5,1,No
772,1265,2020-05-27,1009,3,2,No
773,1265,2022-11-27,1802,4,3,Yes
774,1266,2023-01-25,1670,5,1,No
775,1266,2021-01-25,1234,2,5,Yes
776,1266,2022-07-13,1486,2,4,No
777,1266,2020-05-24,1740,4,2,Yes
778,1267,2019-08-22,1867,2,3,No
779,1267,2023-09-02,1215,4,3,Yes
780,1267,2022-08-22,1384,2,4,Yes
781,1268,2019-07-14,1966,1,3,No
782,1268,2023-09-18,1348,2,3,No
783,1268,2020-01-04,1703,4,5,No
784,1269,2023-05-15,1602,1,4,Yes
785,1269,2023-09-18,1945,2,1,No
786,1269,2021-10-09,1582,5,4,No
787,1270,2021-12-25,1210,4,0,No
788,1270,2020-03-15,1193,4,0,No
789,1270,2019-11-13,1584,4,5,No
790,1270,2023-05-12,1096,2,0,Yes
791,1271,2021-10-12,1847,5,3,Yes
792,1272,2023-10-28,1204,1,3,No
793,1272,2023-01-09,1211,2,2,Yes
794,1273,2024-05-08,1059,3,4,Yes
795,1273,2023-10-23,1176,3,3,No
796,1273,2022-06-14,1161,1,1,No
797,1273,2024-08-17,1490,1,3,Yes
798,1274,2019-08-06,1892,2,2,No
799,1274,2024-12-10,1838,4,1,No
800,1275,2023-10-09,1208,5,5,No
801,1275,2023-06-17,1283,2,0,Yes
802,1275,2024-12-21,1457,1,3,Yes
803,1275,2022-02-26,1539,3,4,No
804,1275,2022-04-11,1472,4,4,Yes
805,1276,2023-11-08,1295,4,2,No
806,1277,2020-09-08,1628,2,3,Yes
807,1277,2024-06-03,1184,5,5,No
808,1277,2023-02-24,1469,4,5,Yes
809,1277,2019-09-16,1716,5,0,No
810,1278,2022-02-08,1246,2,2,No
811,1279,2025-03-17,1715,2,3,No
812,1280,2022-02-01,1125,3,0,Yes
813,1280,2025-03-18,1517,3,3,No
814,1280,2024-04-12,1169,3,1,Yes
815,1280,2021-10-10,1474,1,0,No
816,1280,2020-01-27,1391,3,5,No
817,1281,2024-07-08,1407,1,0,No
818,1281,2021-09-12,1118,2,2,No
819,1282,2021-09-09,1473,1,0,Yes
820,1282,2024-12-01,1731,4,1,No
821,1282,2020-12-24,1841,3,1,Yes
822,1282,2019-08-22,1859,1,4,Yes
823,1283,2020-07-09,1302,1,4,No
824,1283,2025-04-01,1173,1,5,Yes
825,1284,2021-11-19,1158,4,2,Yes
826,1284,2024-09-18,1222,1,5,Yes
827,1284,2024-10-17,1453,1,5,Yes
828,1285,2022-03-16,1707,3,3,Yes
829,1285,2023-02-19,1613,1,0,No
830,1285,2024-01-07,1786,2,1,No
831,1285,2021-07-03,1931,2,1,Yes
832,1286,2022-04-23,1432,1,0,No
833,1287,2022-08-08,1697,1,1,Yes
834,1287,2024-12-24,1817,2,5,Yes
835,1288,2024-10-23,1426,5,0,No
836,1289,2020-07-19,1576,2,4,Yes
837,1289,2020-12-26,1957,5,3,No
838,1289,2019-07-26,1124,2,1,Yes
839,1290,2021-05-10,1332,2,0,No
840,1290,2020-08-19,1670,3,0,No
841,1290,2021-06-03,1218,4,1,Yes
842,1291,2021-06-22,1666,5,2,Yes
843,1291,2021-08-01,1069,2,3,No
844,1291,2022-07-10,1786,5,3,Yes
845,1292,2020-12-02,1811,5,1,No
846,1292,2022-11-05,1983,1,4,No
847,1292,2020-04-26,1647,4,5,Yes
848,1292,2021-07-29,1341,2,5,No
849,1292,2023-12-30,1872,4,0,No
850,1293,2023-01-24,1624,5,3,No
851,1294,2022-12-18,1656,2,4,Yes
852,1294,2021-12-10,1239,1,4,Yes
853,1294,2023-04-18,1317,2,5,No
854,1294,2021-06-18,1776,2,4,Yes
855,1294,2023-09-26,1062,2,2,No
856,1295,2020-06-22,1207,2,3,Yes
857,1295,2024-12-31,1658,1,1,No
858,1295,2024-02-04,1757,3,1,No
859,1296,2021-01-17,1660,1,4,No
860,1296,2025-05-17,1664,3,0,Yes
861,1296,2020-11-03,1868,3,2,Yes
862,1297,2024-04-01,1553,1,5,Yes
863,1297,2024-10-22,1821,2,4,No
864,1298,2019-09-30,1330,2,3,Yes
865,1298,2022-08-22,1067,4,0,Yes
866,1298,2021-11-26,1054,2,1,Yes
867,1298,2023-08-23,1094,2,4,Yes
868,1298,2022-11-07,1242,5,0,No
869,1299,2019-12-15,1319,2,5,Yes
870,1299,2023-08-20,1251,4,1,Yes
871,1299,2023-03-05,1311,3,4,No
872,1299,2023-02-25,1991,2,2,No
873,1300,2021-10-18,1974,3,3,No
874,1301,2024-07-10,1483,4,3,No
875,1301,2024-12-28,1779,2,3,Yes
876,1302,2020-11-11,1438,1,2,Yes
877,1302,2021-08-14,1567,2,2,No
878,1302,2024-06-04,1475,3,3,No
879,1302,2019-08-06,1385,5,4,No
880,1303,2021-02-26,1342,2,5,No
881,1304,2020-05-06,1159,2,0,Yes
882,1304,2022-08-04,1883,5,5,No
883,1305,2019-09-03,1415,4,3,No
884,1305,2020-05-13,1394,4,2,Yes
885,1305,2022-04-18,1419,1,0,No
886,1305,2023-05-07,1955,5,1,Yes
887,1306,2021-03-23,1981,3,5,No
888,1306,2020-09-23,1522,4,5,No
889,1306,2022-12-24,1714,1,5,No
890,1306,2022-02-28,1949,4,5,Yes
891,1307,2022-06-16,1490,1,2,Yes
892,1307,2021-12-01,1715,2,2,No
893,1308,2020-09-11,1261,2,4,Yes
894,1308,2024-09-02,1013,1,0,No
895,1309,2023-08-05,1724,5,0,Yes
896,1309,2021-11-07,1898,4,1,No
897,1309,2025-05-24,1259,3,4,No
898,1309,2021-10-24,1601,3,5,No
899,1310,2022-12-01,1112,5,2,Yes
900,1311,2025-06-29,1767,2,5,No
901,1311,2020-10-02,1716,3,0,Yes
902,1311,2020-02-07,1836,4,0,Yes
903,1312,2025-03-23,1793,4,4,No
904,1313,2021-01-01,1751,4,1,Yes
905,1313,2024-06-24,1384,2,5,Yes
906,1313,2020-06-05,1203,4,1,Yes
907,1314,2023-01-25,1581,2,1,Yes
908,1314,2022-04-23,1061,2,1,No
909,1314,2020-01-17,1924,4,3,Yes
910,1314,2019-07-29,1890,2,0,No
911,1315,2023-02-22,1387,1,2,Yes
912,1316,2020-01-14,1031,5,1,No
913,1316,2024-07-12,1497,1,0,Yes
914,1316,2022-10-01,1273,1,5,Yes
915,1317,2023-04-22,1217,5,0,No
916,1318,2019-10-21,1533,3,3,No
917,1318,2019-10-08,1776,3,4,No
918,1318,2022-02-01,1345,3,5,No
919,1318,2024-01-16,1323,2,2,No
920,1318,2023-08-22,1388,5,0,No
921,1319,2024-07-14,1826,1,0,No
922,1319,2024-10-23,1892,4,5,Yes
923,1319,2019-10-31,1027,5,0,No
924,1320,2021-05-10,1378,4,4,No
925,1320,2022-04-10,1528,4,5,Yes
926,1321,2020-04-02,1654,3,0,No
927,1322,2024-02-07,1993,3,5,No
928,1323,2020-05-21,1622,4,3,Yes
929,1323,2025-05-26,1357,4,3,Yes
930,1324,2021-08-22,1301,5,1,Yes
931,1324,2022-02-25,1891,5,4,Yes
932,1324,2023-07-11,1131,4,0,No
933,1324,2019-08-09,1853,5,3,Yes
934,1325,2024-11-16,1978,1,3,Yes
935,1325,2024-10-10,1250,2,1,Yes
936,1325,2024-02-14,1109,4,5,Yes
937,1325,2023-04-26,1165,3,3,No
938,1326,2021-08-24,1737,3,5,No
939,1326,2020-07-13,1975,1,5,Yes
940,1327,2021-10-20,1649,4,0,No
941,1327,2020-05-03,1893,2,4,Yes
942,1327,2020-08-10,1660,3,3,No
943,1327,2021-07-08,1670,5,3,Yes
944,1327,2025-04-24,1229,3,0,No
945,1328,2022-03-20,1115,1,2,Yes
946,1329,2024-01-20,1587,3,1,No
947,1330,2023-04-19,1591,1,2,Yes
948,1330,2020-05-09,1605,5,1,No
949,1330,2024-10-03,1434,3,2,Yes
950,1330,2021-11-12,1533,5,4,Yes
951,1331,2022-03-30,1405,1,4,No
952,1332,2020-11-05,1149,3,1,No
953,1332,2022-07-06,1697,4,1,No
954,1332,2020-04-20,1150,1,4,No
955,1333,2024-02-14,1515,1,2,No
956,1333,2022-06-29,1647,2,3,No
957,1333,2024-03-23,1722,4,0,No
958,1334,2025-01-17,1848,2,5,Yes
959,1334,2020-10-04,1718,1,1,No
960,1335,2023-03-28,1307,2,0,No
961,1335,2019-10-19,1346,4,5,No
962,1335,2023-08-07,1357,4,3,Yes
963,1335,2019-11-10,1541,3,2,Yes
964,1336,2019-09-29,1404,1,1,No
965,1336,2019-12-27,1771,5,0,No
966,1336,2022-08-18,1469,2,4,Yes
967,1336,2024-01-07,1453,4,2,Yes
968,1336,2022-04-02,1215,2,5,Yes
969,1337,2020-11-07,1371,5,0,Yes
970,1338,2024-02-29,1974,4,5,Yes
971,1338,2020-11-28,1949,1,0,No
972,1338,2020-03-31,1998,4,1,Yes
973,1338,2023-11-03,1121,5,5,No
974,1339,2023-11-04,1445,2,5,No
975,1339,2024-12-27,1251,1,0,Yes
976,1339,2023-07-26,1407,4,2,Yes
977,1339,2024-11-13,1669,4,5,Yes
978,1339,2022-01-12,1797,4,5,No
979,1340,2021-07-30,1648,4,2,Yes
980,1340,2020-05-14,1123,1,0,Yes
981,1340,2021-03-23,1501,5,1,Yes
982,1341,2025-04-16,1587,5,3,No
983,1341,2025-06-23,1711,1,4,Yes
984,1341,2023-03-13,1394,4,5,No
985,1341,2022-02-18,1306,5,1,Yes
986,1341,2023-03-04,1334,1,5,Yes
987,1342,2022-07-28,1833,1,3,No
988,1342,2023-05-28,1066,5,4,Yes
989,1342,2021-05-16,1772,2,5,Yes
990,1342,2023-02-12,1186,5,5,Yes
991,1343,2022-05-23,1569,4,2,Yes
992,1344,2023-12-11,1132,5,1,Yes
993,1345,2024-10-08,1576,3,0,Yes
994,1346,2019-08-20,1519,3,2,Yes
995,1347,2019-10-11,1968,1,1,No
996,1347,2022-01-01,1048,5,2,No
997,1347,2022-08-08,1144,5,3,No
998,1347,2024-03-04,1536,3,4,Yes
999,1348,2022-02-27,1679,1,1,Yes
1000,1349,2021-12-27,1146,3,1,Yes
1001,1349,2024-02-08,1617,5,1,No
1002,1350,2023-05-21,1132,5,3,Yes
1003,1350,2023-03-02,1564,3,2,No
1004,1350,2022-01-25,1666,2,3,No
1005,1351,2019-07-25,1968,3,5,No
1006,1352,2022-08-17,1549,2,0,No
1007,1352,2025-02-05,1649,2,5,No
1008,1353,2021-01-02,1674,5,4,Yes
1009,1353,2020-03-29,1430,2,2,No
1010,1353,2022-04-30,1389,1,4,Yes
1011,1353,2021-12-10,1080,3,0,Yes
1012,1353,2022-08-26,1701,5,3,Yes
1013,1354,2021-11-17,1656,1,2,No
1014,1354,2021-05-30,1797,3,1,Yes
1015,1354,2023-06-10,1281,1,0,No
1016,1355,2023-12-13,1388,1,0,Yes
1017,1355,2019-12-20,1540,3,4,No
1018,1356,2019-09-29,1542,3,5,No
1019,1357,2022-01-13,1278,5,0,Yes
1020,1357,2024-05-29,1175,3,3,Yes
1021,1357,2023-03-18,1354,5,4,No
1022,1357,2020-11-02,1489,5,1,No
1023,1357,2023-05-10,1010,5,5,Yes
1024,1358,2024-04-17,1147,4,4,No
1025,1358,2022-02-16,1055,3,5,Yes
1026,1359,2023-04-30,1429,4,1,No
1027,1359,2021-08-17,1363,4,4,No
1028,1359,2023-11-24,1283,4,4,Yes
1029,1359,2023-09-19,1313,1,2,No
1030,1359,2023-01-05,1790,3,0,Yes
1031,1360,2020-05-06,1748,2,0,Yes
1032,1361,2022-02-23,1059,1,5,No
1033,1361,2024-02-03,1568,4,0,No
1034,1361,2020-03-22,1694,5,5,Yes
1035,1361,2022-03-18,1492,4,4,Yes
1036,1361,2019-10-24,1416,1,4,Yes
1037,1362,2023-11-11,1732,4,5,No
1038,1363,2020-09-25,1757,5,5,Yes
1039,1363,2021-08-23,1622,4,1,Yes
1040,1364,2024-09-01,1077,3,1,No
1041,1364,2021-04-23,1976,1,3,No
1042,1365,2024-12-21,1175,3,0,No
1043,1365,2022-11-25,1936,2,4,Yes
1044,1365,2024-02-12,1298,3,3,No
1045,1365,2021-05-24,1272,2,0,No
1046,1366,2021-03-07,1946,3,5,Yes
1047,1366,2022-08-06,1958,4,4,No
1048,1367,2024-11-26,1365,1,4,No
1049,1368,2022-07-25,1306,3,0,Yes
1050,1368,2024-11-25,1359,2,3,No
1051,1368,2019-10-02,1010,1,3,No
1052,1369,2023-11-30,1087,5,4,Yes
1053,1369,2024-06-10,1421,1,3,Yes
1054,1370,2024-10-08,1788,3,1,No
1055,1370,2021-06-17,1405,3,2,No
1056,1371,2022-02-04,1914,2,4,No
1057,1371,2022-05-17,1112,4,5,No
1058,1371,2023-11-05,1166,2,2,No
1059,1371,2023-10-18,1006,3,5,Yes
1060,1372,2023-01-22,1195,3,0,Yes
1061,1373,2025-04-25,1432,3,0,Yes
1062,1373,2025-04-16,1683,2,3,No
1063,1373,2022-10-03,1122,4,3,No
1064,1373,2024-04-25,1820,2,2,No
1065,1374,2022-04-01,1744,4,1,Yes
1066,1374,2021-12-29,1981,1,0,Yes
1067,1374,2023-11-05,1160,3,4,Yes
1068,1374,2023-10-05,1786,2,0,No
1069,1374,2020-07-20,1440,5,5,Yes
1070,1375,2023-10-30,1492,3,2,No
1071,1375,2023-03-08,1085,4,1,Yes
1072,1375,2021-04-10,1747,5,1,Yes
1073,1375,2022-10-03,1288,1,2,Yes
1074,1376,2022-06-30,1204,4,5,Yes
1075,1376,2019-10-19,1718,5,4,Yes
1076,1376,2021-08-25,1194,5,5,Yes
1077,1376,2024-03-11,1235,1,1,No
1078,1377,2020-04-05,1281,2,1,No
1079,1378,2021-06-16,1632,2,0,Yes
1080,1379,2021-08-08,1418,5,2,Yes
1081,1379,2020-07-13,1228,3,3,No
1082,1379,2019-10-24,1063,5,3,Yes
1083,1379,2021-01-01,1312,1,2,No
1084,1380,2021-05-23,1966,3,5,No
1085,1380,2025-05-14,1253,3,0,Yes
1086,1380,2020-11-07,1042,1,0,No
1087,1381,2022-11-28,1293,4,2,Yes
1088,1381,2022-06-27,1442,2,2,No
1089,1382,2023-07-30,1343,3,0,Yes
1090,1382,2021-11-27,1686,1,5,Yes
1091,1382,2024-03-15,1340,3,5,No
1092,1383,2020-09-03,1542,5,2,Yes
1093,1383,2024-10-04,1666,3,1,No
1094,1383,2024-12-18,1090,1,1,Yes
1095,1383,2022-05-05,1043,5,5,Yes
1096,1383,2023-09-28,1198,4,0,Yes
1097,1384,2020-10-25,1634,3,2,No
1098,1384,2024-01-18,1780,2,4,Yes
1099,1384,2021-12-03,1045,2,1,No
1100,1384,2024-02-01,1564,3,4,No
1101,1384,2022-07-29,1917,3,3,Yes
1102,1385,2025-06-29,1070,4,3,Yes
1103,1385,2023-10-06,1171,5,2,Yes
1104,1385,2024-01-28,1297,1,4,Yes
1105,1385,2020-11-03,1814,2,5,No
1106,1386,2021-08-18,1702,5,4,Yes
1107,1386,2024-06-01,1170,4,4,No
1108,1386,2022-06-16,1576,4,3,No
1109,1386,2022-04-17,1212,2,0,Yes
1110,1387,2024-10-28,1224,5,5,Yes
1111,1387,2020-08-17,1901,5,3,No
1112,1387,2021-11-20,1311,2,2,No
1113,1387,2023-05-05,1566,1,1,Yes
1114,1387,2024-08-15,1047,5,1,No
1115,1388,2023-11-16,1655,2,2,Yes
1116,1389,2021-08-06,1895,1,5,Yes
1117,1389,2022-11-12,1844,2,4,Yes
1118,1389,2020-01-11,1002,3,5,No
1119,1390,2023-01-15,1086,5,2,Yes
1120,1390,2025-05-25,1419,5,2,No
1121,1390,2024-06-24,1059,1,2,Yes
1122,1391,2023-09-29,1181,3,0,Yes
1123,1391,2024-05-18,1740,4,5,No
1124,1391,2023-08-28,1891,5,4,Yes
1125,1392,2022-10-23,1226,3,2,Yes
1126,1392,2021-12-22,1596,4,1,No
1127,1392,2023-09-09,1238,4,2,Yes
1128,1392,2020-12-02,1924,4,0,No
1129,1393,2024-02-21,1471,2,1,Yes
1130,1393,2021-01-11,1584,4,5,Yes
1131,1394,2020-07-14,1022,3,1,Yes
1132,1394,2022-09-06,1838,4,5,Yes
1133,1394,2019-11-24,1072,2,0,No
1134,1395,2022-03-03,1466,4,0,Yes
1135,1395,2019-12-16,1745,1,4,Yes
1136,1396,2022-04-10,1394,1,0,Yes
1137,1396,2025-04-29,1782,1,1,Yes
1138,1396,2021-04-03,1789,1,2,Yes
1139,1396,2023-04-24,1962,5,0,Yes
1140,1397,2023-06-26,1556,3,5,Yes
1141,1398,2019-11-01,1143,4,4,No
1142,1398,2024-06-15,1836,2,2,No
1143,1399,2024-07-14,1159,2,0,No
1144,1399,2020-12-03,1643,5,0,Yes
1145,1399,2023-07-25,1845,1,0,No
1146,1399,2022-11-12,1106,5,3,Yes
1147,1400,2022-11-28,1935,2,0,Yes
1148,1401,2021-08-16,1395,2,2,No
1149,1401,2024-10-20,1232,4,5,Yes
1150,1401,2021-09-25,1504,2,0,Yes
1151,1401,2021-10-07,1105,3,2,Yes
1152,1402,2023-08-31,1342,1,2,Yes
1153,1402,2025-04-28,1918,1,4,Yes
1154,1402,2021-12-15,1183,4,4,No
1155,1402,2021-03-24,1615,2,5,No
1156,1402,2020-08-25,1154,3,4,No
1157,1403,2020-02-16,1897,1,2,No
1158,1403,2022-08-08,1678,3,2,Yes
1159,1403,2019-11-03,1808,1,1,Yes
1160,1404,2019-09-17,1152,4,3,No
1161,1404,2024-03-31,1835,1,0,No
1162,1404,2021-01-11,1983,3,1,Yes
1163,1405,2021-04-16,1131,2,3,No
1164,1405,2021-10-28,1327,4,3,No
1165,1405,2023-02-07,1711,4,4,No
1166,1406,2022-05-21,1822,2,3,No
1167,1406,2023-04-28,1563,4,4,No
1168,1407,2020-11-08,1550,2,3,Yes
1169,1407,2023-03-27,1595,4,4,Yes
1170,1407,2023-03-17,1720,1,1,No
1171,1407,2019-10-06,1003,2,0,No
1172,1407,2019-10-19,1572,4,1,Yes
1173,1408,2020-10-28,1934,3,2,Yes
1174,1409,2021-07-08,1472,2,4,No
1175,1409,2022-08-16,1249,2,1,Yes
1176,1409,2021-01-04,1765,2,0,Yes
1177,1410,2021-03-26,1751,1,5,No
1178,1410,2021-05-20,1381,1,5,Yes
1179,1410,2020-07-23,1679,5,0,No
1180,1410,2021-09-04,1858,5,1,Yes
1181,1411,2021-09-15,1375,2,0,Yes
1182,1411,2023-12-22,1079,1,4,No
1183,1412,2019-09-24,1784,2,3,Yes
1184,1412,2023-12-25,1767,5,5,No
1185,1413,2022-08-14,1422,3,3,Yes
1186,1413,2020-01-13,1294,1,1,Yes
1187,1413,2022-02-06,1903,1,4,Yes
1188,1413,2021-10-13,1516,2,0,No
1189,1414,2024-02-08,1697,4,4,No
1190,1414,2022-12-17,1942,5,4,No
1191,1414,2020-04-17,1727,2,3,Yes
1192,1414,2025-03-29,1279,1,4,No
1193,1415,2025-04-18,1761,2,3,Yes
1194,1415,2021-06-16,1225,4,1,Yes
1195,1416,2023-05-20,1489,3,5,No
1196,1416,2023-09-14,1848,4,1,Yes
1197,1416,2023-08-24,1823,3,5,No
1198,1416,2021-06-22,1200,3,0,Yes
1199,1417,2021-08-22,1372,5,2,Yes
1200,1418,2023-10-15,1289,2,4,Yes
1201,1418,2023-08-10,1067,2,4,Yes
1202,1419,2023-05-28,1193,5,1,Yes
1203,1419,2023-04-05,1247,3,0,Yes
1204,1419,2022-06-24,1578,4,0,Yes
1205,1420,2023-09-23,1096,3,0,No
1206,1420,2022-07-01,1770,3,3,Yes
1207,1420,2025-06-13,1323,4,5,No
1208,1421,2019-11-14,1720,1,2,No
1209,1421,2021-11-10,1919,5,0,Yes
1210,1422,2019-10-19,1602,4,3,Yes
1211,1423,2024-09-20,1166,2,5,No
1212,1423,2025-01-27,1081,1,5,Yes
1213,1423,2020-12-29,1906,2,5,Yes
1214,1424,2022-09-12,1987,5,4,No
1215,1424,2025-02-21,1459,2,2,No
1216,1425,2023-10-17,1639,4,0,No
1217,1425,2020-12-27,1245,2,4,Yes
1218,1425,2024-03-23,1982,2,4,No
1219,1426,2019-09-08,1825,1,1,No
1220,1427,2025-03-08,1889,1,3,Yes
1221,1427,2023-12-05,1466,3,1,No
1222,1427,2022-02-06,1166,1,2,No
1223,1427,2025-04-18,1362,1,0,Yes
1224,1427,2019-10-03,1728,4,2,No
1225,1428,2021-08-12,1782,4,5,Yes
1226,1428,2023-11-16,1963,1,4,No
1227,1428,2019-09-04,1041,3,2,No
1228,1429,2025-02-01,1878,5,5,Yes
1229,1429,2022-06-28,1452,3,4,No
1230,1429,2022-02-24,1383,1,5,No
1231,1429,2023-01-05,1519,4,2,Yes
1232,1430,2019-09-02,1660,1,5,Yes
1233,1430,2021-09-02,1717,5,0,Yes
1234,1430,2023-07-09,1874,1,2,No
1235,1430,2024-02-13,1163,5,3,Yes
1236,1430,2021-07-27,1229,4,3,Yes
1237,1431,2020-08-15,1478,4,5,No
1238,1431,2020-06-13,1112,1,1,Yes
1239,1431,2022-08-03,1940,4,3,Yes
1240,1432,2024-03-16,1337,1,2,No
1241,1432,2021-02-17,1619,4,1,No
1242,1432,2023-01-07,1118,3,3,Yes
1243,1432,2023-04-13,1559,2,3,Yes
1244,1433,2024-11-21,1328,5,0,No
1245,1433,2023-05-06,1064,3,3,No
1246,1434,2020-11-08,1056,2,0,No
1247,1434,2020-02-02,1277,3,5,Yes
1248,1435,2024-02-09,1146,1,2,No
1249,1436,2023-06-15,1306,4,3,Yes
1250,1437,2022-10-11,1189,1,0,No
1251,1437,2022-10-22,1351,3,1,Yes
1252,1437,2021-05-22,1358,4,3,No
1253,1438,2019-12-28,1706,2,5,No
1254,1438,2023-03-21,1364,5,3,Yes
1255,1438,2019-08-27,1575,5,1,Yes
1256,1438,2020-04-10,1741,5,4,Yes
1257,1438,2024-09-24,1332,3,0,Yes
1258,1439,2024-04-27,1957,2,3,No
1259,1439,2024-06-09,1117,4,2,Yes
1260,1439,2023-09-12,1462,2,5,No
1261,1439,2021-10-22,1655,5,0,Yes
1262,1440,2025-06-24,1764,2,3,Yes
1263,1440,2024-04-30,1616,4,1,No
1264,1441,2020-04-14,1976,2,5,Yes
1265,1441,2022-03-23,1380,3,0,No
1266,1442,2024-06-07,1515,1,5,No
1267,1442,2020-04-08,1665,4,3,No
1268,1442,2024-12-03,1361,3,4,No
1269,1443,2024-11-25,1998,3,0,Yes
1270,1443,2021-03-17,1470,4,2,Yes
1271,1443,2022-03-22,1567,5,1,No
1272,1443,2024-10-13,1391,3,5,No
1273,1443,2023-08-27,1650,3,5,Yes
1274,1444,2022-01-13,1826,1,0,Yes
1275,1445,2021-05-24,1955,4,0,No
1276,1445,2022-04-09,1768,5,4,Yes
1277,1445,2022-05-10,1649,4,4,Yes
1278,1445,2023-02-08,1684,3,3,Yes
1279,1445,2023-08-14,1229,4,4,No
1280,1446,2024-10-07,1201,4,0,No
1281,1447,2025-02-08,1423,4,0,No
1282,1447,2024-12-03,1801,2,4,No
1283,1447,2021-04-01,1275,3,2,No
1284,1447,2022-05-10,1690,2,0,No
1285,1448,2025-05-04,1016,1,1,No
1286,1449,2020-12-16,1840,5,2,No
1287,1449,2022-10-13,1175,5,3,Yes
1288,1449,2020-08-01,1570,4,1,No
1289,1449,2019-07-23,1849,1,4,No
1290,1449,2021-01-28,1132,4,5,Yes
1291,1450,2022-04-21,1926,3,4,Yes
1292,1450,2020-01-03,1448,2,0,Yes
1293,1450,2023-03-10,1517,1,5,No
1294,1450,2022-02-24,1864,3,4,Yes
1295,1451,2024-08-04,1209,1,0,Yes
1296,1451,2025-04-02,1448,1,5,Yes
1297,1451,2021-06-30,1029,5,5,Yes
1298,1452,2023-08-30,1392,1,5,Yes
1299,1452,2025-04-03,1465,3,1,Yes
1300,1452,2023-11-11,1669,2,2,Yes
1301,1452,2020-06-04,1549,2,5,No
1302,1452,2024-05-08,1789,3,5,Yes
1303,1453,2021-02-01,1085,2,5,Yes
1304,1453,2019-11-23,1654,5,0,Yes
1305,1453,2022-06-27,1471,5,0,Yes
1306,1454,2022-12-25,1290,3,1,Yes
1307,1454,2024-10-21,1080,4,2,Yes
1308,1455,2020-03-07,1104,4,0,No
1309,1455,2024-04-28,1076,4,5,Yes
1310,1455,2023-06-18,1216,4,3,No
1311,1455,2023-07-28,1649,4,1,Yes
1312,1456,2021-12-26,1011,2,5,Yes
1313,1456,2021-11-16,1121,3,2,No
1314,1456,2021-07-01,1629,5,4,Yes
1315,1457,2025-01-15,1535,3,0,Yes
1316,1457,2024-10-29,1621,1,4,Yes
1317,1458,2020-05-19,1525,2,1,No
1318,1458,2020-09-07,1118,2,0,No
1319,1458,2020-04-01,1142,2,0,Yes
1320,1458,2023-07-18,1275,3,3,Yes
1321,1458,2022-12-30,1977,1,2,No
1322,1459,2019-09-30,1764,4,3,No
1323,1459,2025-04-16,1945,2,2,Yes
1324,1459,2022-10-29,1203,3,3,Yes
1325,1459,2022-05-01,1598,5,2,Yes
1326,1460,2020-11-21,1977,4,3,No
1327,1460,2021-10-08,1434,5,5,No
1328,1461,2020-05-29,1638,1,4,No
1329,1461,2020-04-05,1440,2,4,No
1330,1461,2022-04-11,1383,1,3,Yes
1331,1462,2022-05-10,1982,5,2,No
1332,1463,2019-12-20,1619,5,2,No
1333,1463,2020-10-17,1031,1,1,No
1334,1463,2019-09-03,1440,2,2,Yes
1335,1464,2022-12-18,1221,3,2,Yes
1336,1465,2025-03-05,1126,1,2,Yes
1337,1465,2023-08-14,1735,3,1,No
1338,1465,2022-12-13,1582,3,1,Yes
1339,1466,2025-03-10,1291,5,1,Yes
1340,1466,2022-03-29,1106,5,2,Yes
1341,1466,2023-02-17,1588,4,5,No
1342,1466,2022-01-21,1326,3,1,Yes
1343,1467,2024-07-21,1822,4,3,Yes
1344,1468,2019-08-15,1432,1,0,No
1345,1468,2023-01-11,1176,5,2,No
1346,1468,2023-09-26,1243,5,0,No
1347,1469,2021-02-23,1660,5,0,No
1348,1470,2020-09-26,1135,4,0,Yes
1349,1470,2021-08-01,1346,1,0,No
1350,1470,2021-11-10,1098,4,5,No
1351,1471,2021-04-07,1325,3,3,Yes
1352,1471,2025-04-03,1570,3,3,Yes
1353,1471,2019-07-11,1403,3,5,No
1354,1472,2024-09-14,1870,1,2,Yes
1355,1472,2022-06-05,1030,2,0,Yes
1356,1472,2023-11-30,1143,1,2,No
1357,1472,2021-09-25,1232,2,0,Yes
1358,1473,2020-04-27,1836,5,0,Yes
1359,1473,2022-05-24,1266,1,0,Yes
1360,1473,2019-07-24,1970,3,0,No
1361,1474,2022-11-19,1705,5,3,No
1362,1474,2024-06-05,1716,2,1,No
1363,1474,2022-08-18,1123,2,2,Yes
1364,1475,2024-09-07,1910,4,5,No
1365,1475,2022-11-19,1685,1,4,Yes
1366,1475,2024-10-20,1592,4,5,No
1367,1475,2019-11-26,2000,3,2,No
1368,1475,2019-12-07,1232,1,2,No
1369,1476,2019-09-05,1362,5,1,Yes
1370,1477,2021-02-22,1077,4,0,Yes
1371,1478,2020-09-04,1687,2,3,No
1372,1479,2020-05-10,1500,1,2,Yes
1373,1479,2021-12-13,1834,5,4,No
1374,1480,2022-02-06,1726,4,5,Yes
1375,1480,2024-05-18,1869,5,0,Yes
1376,1480,2019-08-22,1225,3,3,No
1377,1481,2019-07-08,1526,2,3,Yes
1378,1481,2022-10-07,1071,3,3,Yes
1379,1481,2021-02-04,1703,3,4,Yes
1380,1481,2020-08-20,1151,4,0,Yes
1381,1481,2024-06-25,1247,1,3,Yes
1382,1482,2019-12-08,1030,4,5,No
1383,1482,2020-01-29,1361,3,0,Yes
1384,1482,2022-05-30,1363,4,1,Yes
1385,1483,2023-09-07,1515,4,4,No
1386,1483,2023-06-17,1055,4,2,No
1387,1483,2024-06-21,1101,1,5,No
1388,1483,2023-03-11,1750,4,1,No
1389,1484,2021-09-11,1413,2,4,No
1390,1484,2020-04-22,1543,5,3,No
1391,1485,2021-10-13,1698,1,5,Yes
1392,1486,2022-01-06,1225,1,0,Yes
1393,1487,2021-01-10,1273,2,0,Yes
1394,1487,2019-11-02,1283,2,4,No
1395,1487,2020-08-08,1402,4,0,Yes
1396,1487,2023-02-12,1752,3,3,Yes
1397,1487,2024-01-27,1176,2,2,No
1398,1488,2022-01-09,1295,1,0,Yes
1399,1488,2023-11-13,1516,5,3,No
1400,1488,2024-05-19,1874,2,1,No
1401,1488,2023-03-14,1698,1,1,Yes
1402,1488,2020-03-11,1341,4,1,Yes
1403,1489,2024-12-29,1439,3,0,Yes
1404,1489,2019-12-15,1998,3,0,Yes
1405,1489,2023-05-09,1696,1,4,No
1406,1489,2021-01-17,1993,4,4,Yes
1407,1490,2022-01-01,1895,2,3,Yes
1408,1490,2021-05-16,1047,1,4,No
1409,1490,2020-03-14,1856,2,4,Yes
1410,1490,2021-08-11,1774,2,0,Yes
1411,1491,2025-01-20,1824,3,3,No
1412,1491,2021-05-01,1753,3,4,No
1413,1491,2021-03-30,1680,4,2,No
1414,1492,2023-06-11,1014,3,2,No
1415,1492,2023-08-04,1913,5,5,No
1416,1492,2023-12-15,1116,3,5,Yes
1417,1492,2021-07-23,1152,4,1,Yes
1418,1493,2020-08-02,1510,1,1,No
1419,1493,2021-01-10,1369,2,5,Yes
1420,1493,2022-06-07,1199,4,5,Yes
1421,1494,2021-10-15,1899,5,3,Yes
1422,1494,2024-02-02,1272,3,2,No
1423,1494,2022-12-09,1604,4,2,No
1424,1495,2021-07-12,1043,5,4,No
1425,1495,2020-08-05,1855,5,0,No
1426,1496,2020-09-03,1581,3,2,Yes
1427,1496,2019-07-12,1993,1,3,Yes
1428,1496,2022-04-26,1478,2,4,No
1429,1496,2020-10-14,1639,5,5,Yes
1430,1497,2021-07-16,1499,3,0,No
1431,1497,2025-02-28,1016,4,0,Yes
1432,1497,2021-02-20,1290,5,0,Yes
1433,1498,2021-04-05,1314,1,3,No
1434,1498,2019-11-08,1677,1,0,No
1435,1498,2024-12-29,1142,3,2,Yes
1436,1498,2023-08-29,1977,1,5,No
1437,1499,2019-11-27,1751,2,3,Yes
1438,1499,2022-12-19,1298,2,0,No
1439,1500,2025-01-17,1255,4,3,No
1440,1500,2023-01-08,1991,1,2,No
1441,1500,2021-01-04,1612,3,1,No
1442,1501,2021-10-19,1824,5,1,Yes
1443,1501,2021-09-09,1257,2,3,Yes
1444,1501,2019-09-02,1309,3,0,No
1445,1502,2022-08-24,1950,4,4,Yes
1446,1502,2020-12-17,1385,4,0,Yes
1447,1502,2021-03-29,1540,4,5,No
1448,1502,2020-12-10,1516,3,3,No
1449,1502,2019-11-05,1438,4,3,No
1450,1503,2025-07-06,1029,5,0,No
1451,1503,2023-09-07,1091,2,4,No
1452,1503,2024-06-07,1806,2,4,No
1453,1503,2024-12-16,1131,5,4,No
1454,1504,2025-02-17,1774,4,1,No
1455,1505,2024-09-21,1474,5,3,Yes
1456,1506,2022-03-06,1057,3,5,Yes
1457,1507,2019-10-03,1609,1,2,No
1458,1507,2020-07-11,1708,3,0,Yes
1459,1507,2023-01-01,1759,5,5,Yes
1460,1508,2024-08-21,1529,2,4,No
1461,1508,2021-02-21,1140,2,5,Yes
1462,1509,2022-08-18,1644,3,5,Yes
1463,1509,2022-03-28,1825,4,4,Yes
1464,1509,2024-05-09,1118,1,0,Yes
1465,1510,2021-06-18,1902,1,4,Yes
1466,1510,2021-12-10,1254,2,0,No
1467,1510,2023-02-17,1026,5,3,No
1468,1510,2021-12-09,1057,1,2,No
1469,1510,2023-09-25,1496,2,1,No
1470,1511,2025-03-23,1698,4,5,Yes
1471,1511,2021-10-27,1443,2,5,Yes
1472,1511,2023-12-04,1190,2,5,Yes
1473,1511,2022-04-15,1175,5,5,Yes
1474,1511,2025-06-28,1488,4,2,No
1475,1512,2025-02-11,1983,5,3,No
1476,1513,2023-04-23,1401,4,5,Yes
1477,1513,2019-08-17,1476,4,3,Yes
1478,1513,2021-07-16,1029,3,3,Yes
1479,1514,2022-04-26,1399,1,4,No
1480,1514,2021-07-10,1035,5,3,Yes
1481,1514,2023-02-14,1930,3,1,No
1482,1514,2024-02-15,1904,4,2,Yes
1483,1514,2020-05-21,1163,3,4,Yes
1484,1515,2024-05-07,1925,5,3,Yes
1485,1515,2021-05-14,1179,2,2,No
1486,1515,2024-08-19,1471,2,2,No
1487,1516,2023-08-15,1070,4,3,No
1488,1516,2019-11-03,1621,2,4,No
1489,1516,2019-09-25,1133,3,4,No
1490,1516,2020-04-22,1599,5,3,Yes
1491,1517,2025-04-07,1031,2,1,Yes
1492,1518,2020-05-06,1512,4,2,Yes
1493,1519,2022-07-29,1108,2,5,No
1494,1519,2023-12-05,1774,4,0,Yes
1495,1520,2020-11-14,1257,1,0,Yes
1496,1520,2023-09-17,1453,3,4,Yes
1497,1520,2024-03-01,1946,2,2,Yes
1498,1520,2020-11-14,1716,4,3,Yes
1499,1520,2020-05-24,1653,5,4,Yes
1500,1521,2023-05-04,1259,4,3,No
1501,1521,2024-08-06,1231,2,5,Yes
1502,1522,2025-04-07,1834,5,1,Yes
1503,1522,2021-10-17,1597,1,5,Yes
1504,1522,2022-04-16,1209,1,1,Yes
1505,1522,2021-04-29,1369,4,4,Yes
1506,1523,2022-04-29,1190,5,3,Yes
1507,1523,2023-11-25,1853,2,4,No
1508,1523,2021-02-03,1513,3,2,Yes
1509,1524,2020-12-23,1450,4,5,No
1510,1525,2025-02-23,1583,1,1,No
1511,1526,2022-01-01,1121,4,1,Yes
1512,1527,2025-06-16,1554,3,0,Yes
1513,1527,2022-09-01,1842,3,2,No
1514,1527,2020-12-16,1721,3,0,Yes
1515,1527,2024-06-22,1992,3,0,Yes
1516,1527,2020-02-19,1874,5,4,No
1517,1528,2020-04-29,1634,1,4,Yes
1518,1528,2024-04-05,1597,4,2,Yes
1519,1528,2022-03-03,1034,3,3,No
1520,1528,2023-12-02,1206,3,0,Yes
1521,1529,2021-02-12,1561,3,5,Yes
1522,1529,2019-12-03,1242,4,0,Yes
1523,1530,2024-06-16,1073,4,4,Yes
1524,1530,2021-03-08,1909,5,3,Yes
1525,1530,2019-11-11,1278,1,0,Yes
1526,1531,2022-08-28,1520,2,5,No
1527,1531,2022-06-18,1442,4,2,Yes
1528,1531,2022-01-11,1022,1,0,Yes
1529,1531,2025-05-31,1548,5,3,Yes
1530,1532,2022-03-16,1494,1,3,No
1531,1532,2023-04-05,1713,2,3,No
1532,1532,2020-10-14,1563,2,0,No
1533,1532,2024-02-14,1121,5,2,No
1534,1532,2023-11-24,1199,3,3,Yes
1535,1533,2021-07-23,1238,1,4,Yes
1536,1533,2022-12-21,1233,4,5,Yes
1537,1534,2020-05-13,1895,2,0,Yes
1538,1535,2020-06-02,1130,4,1,No
1539,1536,2023-06-04,1322,3,4,Yes
1540,1537,2024-08-03,1133,5,3,No
1541,1537,2021-11-12,1674,1,5,Yes
1542,1537,2021-11-29,1079,3,4,Yes
1543,1538,2021-09-09,1723,3,1,No
1544,1538,2021-11-09,1731,3,2,No
1545,1538,2021-07-30,1890,2,4,No
1546,1538,2023-08-09,1327,5,4,Yes
1547,1539,2020-05-27,1355,4,5,No
1548,1540,2020-11-11,1081,2,1,Yes
1549,1540,2019-09-16,1313,5,1,Yes
1550,1540,2022-07-17,1382,2,0,Yes
1551,1541,2023-10-16,1666,4,0,Yes
1552,1541,2020-11-30,1511,1,2,No
1553,1541,2025-01-22,1603,4,2,Yes
1554,1541,2020-10-31,1062,3,4,No
1555,1542,2020-07-29,1020,4,3,No
1556,1542,2022-06-04,1046,2,1,No
1557,1542,2021-11-12,1189,4,4,Yes
1558,1542,2025-01-14,1677,3,0,No
1559,1543,2022-12-02,1932,5,2,No
1560,1544,2020-08-06,1222,1,2,No
1561,1544,2023-01-15,1887,4,5,Yes
1562,1544,2022-04-07,1827,1,4,No
1563,1544,2020-11-15,1976,3,4,No
1564,1544,2024-06-05,1435,5,5,No
1565,1545,2020-12-19,1984,4,3,Yes
1566,1545,2024-02-07,1136,1,2,No
1567,1546,2023-03-01,1256,5,2,No
1568,1547,2023-11-10,1405,1,4,No
1569,1547,2021-11-26,1371,3,5,No
1570,1547,2019-11-18,1802,5,0,Yes
1571,1547,2019-12-22,1315,5,5,No
1572,1547,2021-05-27,1857,3,1,No
1573,1548,2021-10-23,1018,4,0,No
1574,1548,2025-07-01,1038,3,3,Yes
1575,1548,2020-10-04,1419,1,4,Yes
1576,1548,2022-09-26,1284,5,4,No
1577,1549,2023-08-11,1452,2,2,No
1578,1550,2022-11-07,1890,4,1,Yes
1579,1550,2023-04-27,1646,2,1,Yes
1580,1550,2022-02-10,1239,1,5,Yes
1581,1551,2024-10-06,1701,5,3,No
1582,1551,2022-04-17,1043,5,5,Yes
1583,1552,2024-07-07,1975,3,2,Yes
1584,1553,2023-02-23,1554,1,4,Yes
1585,1553,2022-04-21,1359,1,0,No
1586,1553,2021-10-12,1116,5,0,Yes
1587,1554,2020-02-19,1334,5,2,No
1588,1554,2020-02-03,1074,4,2,Yes
1589,1555,2024-02-27,1335,5,2,No
1590,1556,2024-08-08,1919,3,3,No
1591,1556,2025-06-16,1637,1,1,No
1592,1556,2025-03-07,1046,3,1,Yes
1593,1556,2021-10-11,1109,5,1,No
1594,1557,2019-08-08,1733,5,4,No
1595,1557,2022-02-25,1963,2,3,Yes
1596,1557,2025-07-07,1673,2,3,Yes
1597,1557,2020-10-09,1979,1,1,No
1598,1557,2022-04-02,1552,1,4,Yes
1599,1558,2019-08-27,1484,5,4,No
1600,1558,2021-01-09,1325,3,1,No
1601,1558,2023-01-27,1933,2,2,Yes
1602,1558,2025-02-12,1819,3,1,No
1603,1558,2021-01-31,1323,1,5,Yes
1604,1559,2021-11-02,1751,4,2,Yes
1605,1559,2021-12-12,1361,5,4,Yes
1606,1559,2022-10-19,1937,3,5,No
1607,1559,2023-04-08,1620,2,3,No
1608,1560,2020-06-16,1584,2,4,Yes
1609,1560,2023-07-23,1796,4,5,Yes
1610,1561,2024-01-08,1267,3,2,No
1611,1561,2021-05-29,1121,1,3,No
1612,1561,2022-11-09,1518,2,4,No
1613,1561,2022-06-26,1648,2,1,No
1614,1561,2021-04-19,1016,2,0,No
1615,1562,2024-02-21,1784,5,5,No
1616,1562,2025-03-25,1761,1,1,Yes
1617,1562,2020-06-22,1854,4,0,Yes
1618,1563,2023-09-25,1136,5,4,No
1619,1564,2022-10-19,1363,2,3,Yes
1620,1564,2025-03-29,1730,3,0,No
1621,1564,2021-10-31,1919,3,4,Yes
1622,1564,2020-08-23,1740,1,0,No
1623,1565,2022-03-30,1933,4,5,No
1624,1565,2022-10-03,1759,4,2,No
1625,1565,2025-06-10,1717,2,5,Yes
1626,1565,2021-10-07,1742,5,4,Yes
1627,1566,2023-12-07,1918,1,4,No
1628,1566,2025-03-21,1691,4,3,No
1629,1567,2021-12-16,1181,5,5,No
1630,1567,2021-08-21,1968,1,1,No
1631,1567,2019-10-16,1506,3,0,No
1632,1567,2022-04-17,1293,3,3,No
1633,1568,2020-10-10,1977,2,0,Yes
1634,1568,2020-08-25,1441,5,2,No
1635,1569,2025-04-11,1356,3,1,Yes
1636,1570,2021-02-08,1281,4,3,Yes
1637,1570,2019-10-02,1907,2,2,No
1638,1570,2023-09-13,1621,1,1,No
1639,1571,2023-04-04,1099,2,4,Yes
1640,1571,2021-09-09,1029,5,0,Yes
1641,1572,2019-08-07,1501,1,2,Yes
1642,1573,2024-09-12,1965,5,3,No
1643,1573,2025-05-29,1534,2,3,No
1644,1573,2023-08-19,1941,1,5,Yes
1645,1574,2022-11-10,1911,4,3,No
1646,1574,2023-02-08,1089,2,2,Yes
1647,1574,2020-07-02,1992,3,0,Yes
1648,1574,2022-05-04,1745,1,2,Yes
1649,1575,2025-04-08,1344,3,3,Yes
1650,1575,2021-04-21,1724,3,0,No
1651,1575,2019-12-23,1103,5,2,Yes
1652,1575,2020-10-05,1862,5,5,Yes
1653,1575,2023-07-04,1972,1,1,Yes
1654,1576,2024-10-26,1386,2,5,Yes
1655,1576,2024-08-05,1272,4,1,No
1656,1576,2023-12-14,1834,2,5,No
1657,1576,2020-05-28,1290,2,1,Yes
1658,1576,2020-01-11,1974,5,5,Yes
1659,1577,2023-07-25,1445,1,3,Yes
1660,1578,2022-01-16,1040,4,5,No
1661,1578,2019-11-15,1629,4,5,Yes
1662,1579,2020-10-14,1496,5,5,Yes
1663,1579,2023-10-23,1899,3,1,No
1664,1579,2021-10-17,1685,4,3,No
1665,1580,2022-05-08,1366,5,3,No
1666,1580,2022-06-07,1099,2,0,No
1667,1580,2023-01-23,1430,4,2,Yes
1668,1580,2025-06-29,1679,4,0,Yes
1669,1580,2021-04-04,1476,3,5,Yes
1670,1581,2023-01-17,1714,4,5,Yes
1671,1581,2022-11-27,1793,4,3,No
1672,1581,2024-01-17,1704,2,0,No
1673,1582,2021-02-28,1520,2,3,Yes
1674,1582,2022-03-14,1576,3,2,No
1675,1582,2021-10-02,1422,4,3,No
1676,1583,2024-09-05,1267,1,2,No
1677,1583,2021-01-14,1746,2,2,Yes
1678,1583,2020-03-01,1316,4,3,Yes
1679,1583,2024-11-12,1587,2,4,Yes
1680,1584,2020-11-25,1971,5,4,No
1681,1585,2021-07-06,1620,5,0,Yes
1682,1585,2024-12-28,1822,4,0,No
1683,1586,2025-05-30,1786,5,0,Yes
1684,1586,2020-12-17,1532,2,2,Yes
1685,1586,2021-10-12,1161,5,3,Yes
1686,1587,2021-08-15,1821,2,2,No
1687,1587,2021-12-21,1424,2,4,Yes
1688,1587,2021-12-16,1963,1,0,Yes
1689,1588,2023-08-16,1105,5,3,No
1690,1588,2022-11-23,1044,2,2,No
1691,1588,2021-10-11,1025,2,5,Yes
1692,1588,2021-01-28,1035,3,5,Yes
1693,1588,2021-03-15,1833,4,5,No
1694,1589,2023-02-11,1838,3,0,Yes
1695,1589,2020-08-01,1076,5,5,No
1696,1590,2021-10-20,1016,5,4,Yes
1697,1591,2021-12-26,1754,5,3,Yes
1698,1592,2023-03-05,1880,3,2,No
1699,1592,2024-01-24,1525,1,2,No
1700,1592,2022-05-28,1470,2,0,No
1701,1592,2021-10-18,1993,5,3,No
1702,1592,2023-04-30,1299,4,0,Yes
1703,1593,2019-12-22,1575,3,3,No
1704,1593,2021-03-20,1930,5,4,Yes
1705,1593,2019-12-07,1392,1,3,No
1706,1593,2024-02-28,1975,3,4,Yes
1707,1594,2021-08-16,1230,5,0,No
1708,1594,2025-02-16,1790,2,3,No
1709,1594,2022-09-04,1489,5,0,No
1710,1594,2020-04-20,1341,2,5,Yes
1711,1595,2021-09-22,1575,2,1,No
1712,1596,2020-01-14,1256,1,1,No
1713,1596,2023-12-17,1632,4,4,Yes
1714,1596,2024-02-28,1061,4,2,No
1715,1596,2021-04-10,1319,3,1,Yes
1716,1596,2023-03-27,1330,5,4,No
1717,1597,2022-12-19,1275,2,4,No
1718,1598,2024-01-13,1512,3,5,Yes
1719,1598,2022-10-30,1330,4,5,No
1720,1598,2020-02-16,1527,5,5,Yes
1721,1598,2019-10-19,1944,1,3,Yes
1722,1598,2023-11-26,1385,2,0,Yes
1723,1599,2024-05-15,1767,1,1,Yes
1724,1599,2021-05-14,1449,1,0,No
1725,1599,2022-12-27,1508,2,5,No
1726,1599,2024-12-27,1144,5,3,No
1727,1599,2020-02-14,1010,3,0,No
1728,1600,2019-12-23,1738,3,4,No
1729,1600,2024-03-25,1630,3,4,Yes
1730,1600,2024-06-23,1145,3,4,Yes
1731,1601,2024-05-19,1975,3,4,No
1732,1601,2023-12-24,1484,4,1,No
1733,1601,2021-09-29,1950,2,1,No
1734,1601,2023-12-02,1011,3,3,Yes
1735,1601,2023-08-03,1154,4,0,Yes
1736,1602,2020-09-13,1719,2,1,Yes
1737,1602,2022-08-20,1551,4,2,Yes
1738,1602,2019-12-15,1063,5,3,Yes
1739,1603,2022-08-19,1359,5,1,No
1740,1604,2025-01-05,1951,2,2,No
1741,1605,2024-08-06,1599,3,2,No
1742,1605,2022-09-23,1957,3,4,Yes
1743,1605,2024-04-25,1080,5,1,Yes
1744,1605,2021-04-04,1749,2,2,Yes
1745,1606,2025-05-07,1578,1,1,No
1746,1606,2020-07-04,1339,5,4,No
1747,1606,2020-05-17,1990,5,5,No
1748,1607,2022-02-04,1173,1,1,Yes
1749,1607,2021-02-07,1094,5,1,Yes
1750,1608,2023-07-11,1487,1,2,Yes
1751,1608,2019-12-26,1918,1,1,No
1752,1609,2024-04-16,1681,4,2,No
1753,1609,2024-06-23,1513,1,1,No
1754,1609,2023-08-15,1387,4,5,No
1755,1609,2022-01-06,1364,3,4,No
1756,1610,2020-05-08,1081,5,1,Yes
1757,1610,2021-10-11,1969,3,5,Yes
1758,1610,2022-03-13,1861,4,4,No
1759,1610,2021-01-08,1502,3,5,Yes
1760,1610,2021-11-05,1572,4,5,No
1761,1611,2024-05-30,1026,3,3,No
1762,1611,2022-05-26,1746,4,1,Yes
1763,1612,2022-12-15,1384,2,5,Yes
1764,1612,2021-07-20,1201,4,2,Yes
1765,1612,2023-03-15,1006,5,2,No
1766,1612,2023-12-14,1097,3,2,Yes
1767,1613,2021-03-12,1280,1,5,No
1768,1613,2023-12-29,1658,4,3,Yes
1769,1613,2022-09-08,1713,3,2,Yes
1770,1613,2022-05-22,1995,5,0,No
1771,1613,2024-06-26,1623,4,3,Yes
1772,1614,2022-12-24,1768,5,0,Yes
1773,1614,2024-11-14,1379,1,4,Yes
1774,1614,2020-08-17,1723,2,1,Yes
1775,1614,2019-10-03,1430,1,0,No
1776,1615,2025-03-10,1322,1,4,No
1777,1616,2020-05-13,1671,5,5,Yes
1778,1616,2019-07-17,1341,3,5,Yes
1779,1617,2021-11-19,1740,3,4,Yes
1780,1617,2024-01-10,1964,4,3,Yes
1781,1617,2020-01-02,1067,2,4,Yes
1782,1617,2023-08-20,1747,3,0,Yes
1783,1617,2019-11-18,1455,1,2,Yes
1784,1618,2021-12-20,1420,2,5,Yes
1785,1618,2022-09-28,1319,3,4,No
1786,1618,2024-08-23,1121,3,3,Yes
1787,1618,2022-07-27,1580,4,0,Yes
1788,1618,2023-01-27,1941,1,1,Yes
1789,1619,2023-04-03,1326,5,5,Yes
1790,1619,2022-12-13,1786,2,0,Yes
1791,1620,2020-04-24,1472,1,5,Yes
1792,1620,2023-06-21,1316,2,5,Yes
1793,1620,2024-02-14,1318,1,3,No
1794,1621,2020-06-24,1286,2,4,No
1795,1621,2022-01-23,1424,2,1,No
1796,1622,2023-03-26,1182,3,2,No
1797,1622,2021-12-21,1271,1,3,No
1798,1623,2022-01-18,1373,3,5,No
1799,1623,2020-02-02,1850,2,0,No
1800,1623,2023-10-11,1160,5,4,Yes
1801,1623,2021-06-25,1720,4,2,No
1802,1623,2023-08-16,1213,3,5,No
1803,1624,2022-06-06,1526,2,2,Yes
1804,1625,2021-03-29,1268,1,0,Yes
1805,1625,2024-06-26,1487,2,3,No
1806,1625,2025-01-15,1382,5,3,Yes
1807,1625,2024-01-05,1331,1,5,No
1808,1626,2024-03-05,1163,4,3,No
1809,1627,2020-05-25,1664,1,1,No
1810,1627,2021-09-29,1314,2,3,Yes
1811,1627,2023-09-30,1771,1,3,No
1812,1628,2021-02-10,1590,4,5,No
1813,1628,2024-06-14,1485,2,2,No
1814,1628,2023-04-16,1616,3,3,No
1815,1628,2025-04-12,1308,1,1,Yes
1816,1628,2023-09-12,1432,4,2,No
1817,1629,2020-03-31,1030,2,4,Yes
1818,1629,2020-04-12,1945,3,4,Yes
1819,1629,2022-05-08,1975,5,1,Yes
1820,1629,2025-01-27,1680,3,0,Yes
1821,1629,2021-09-08,1317,2,2,No
1822,1630,2020-11-17,1170,4,0,Yes
1823,1630,2025-01-09,1206,2,2,No
1824,1630,2025-04-14,1083,2,1,Yes
1825,1630,2024-01-30,1448,1,5,Yes
1826,1631,2020-09-06,1702,5,2,Yes
1827,1631,2023-01-18,1489,2,2,Yes
1828,1632,2024-05-07,1564,4,5,Yes
1829,1632,2019-10-12,1935,4,5,No
1830,1632,2022-05-27,1852,4,5,Yes
1831,1632,2020-12-16,1782,1,3,Yes
1832,1633,2024-09-30,1782,2,3,No
1833,1633,2019-07-28,1920,3,5,No
1834,1633,2023-02-07,1612,4,4,Yes
1835,1634,2021-11-07,1501,5,0,Yes
1836,1634,2023-04-19,1907,5,1,Yes
1837,1634,2022-04-01,1378,3,2,Yes
1838,1635,2024-08-02,1614,4,0,Yes
1839,1635,2021-01-30,1142,4,1,Yes
1840,1635,2020-05-07,1217,3,3,Yes
1841,1635,2022-11-22,1348,4,5,Yes
1842,1635,2021-10-17,1436,2,2,No
1843,1636,2020-10-23,1692,4,0,No
1844,1636,2021-11-27,1982,4,1,Yes
1845,1636,2023-01-01,1408,5,0,No
1846,1636,2021-09-27,1826,1,2,Yes
1847,1637,2019-08-24,1823,1,1,No
1848,1637,2024-01-09,1132,5,4,No
1849,1637,2023-12-21,1703,4,0,No
1850,1637,2020-06-24,1670,4,3,Yes
1851,1638,2021-04-23,1436,3,5,Yes
1852,1638,2019-12-06,1619,4,4,No
1853,1638,2022-08-13,1800,4,5,No
1854,1639,2024-02-13,1996,3,0,Yes
1855,1639,2024-12-12,1435,5,3,Yes
1856,1639,2024-01-30,1154,1,2,No
1857,1639,2020-11-24,1203,5,4,No
1858,1639,2019-07-18,1446,1,3,No
1859,1640,2021-02-16,1125,4,3,No
1860,1641,2023-05-03,1911,5,5,No
1861,1642,2024-02-25,1436,3,5,No
1862,1642,2021-11-19,1786,1,4,No
1863,1642,2022-06-28,1184,3,2,No
1864,1643,2023-09-24,1458,3,2,Yes
1865,1644,2020-12-09,1115,3,5,Yes
1866,1644,2022-08-14,1545,4,1,Yes
1867,1644,2025-02-27,1087,5,0,Yes
1868,1644,2024-08-28,1745,2,5,No
1869,1644,2022-04-01,1442,3,2,No
1870,1645,2023-05-09,1250,5,4,No
1871,1645,2025-05-01,1042,1,2,No
1872,1645,2022-12-13,1040,2,4,Yes
1873,1645,2020-06-21,1392,5,5,Yes
1874,1645,2020-08-12,1346,3,3,No
1875,1646,2024-12-09,1189,3,5,Yes
1876,1647,2021-11-05,1989,1,1,No
1877,1647,2022-11-10,1311,5,4,Yes
1878,1647,2024-12-08,1711,1,2,No
1879,1647,2020-01-13,1221,4,2,Yes
1880,1648,2024-03-06,1514,1,4,No
1881,1648,2020-12-06,1932,2,5,No
1882,1648,2021-11-22,1280,1,3,Yes
1883,1649,2024-02-28,1801,4,5,Yes
1884,1650,2021-04-16,1274,4,4,No
1885,1650,2025-03-05,1100,2,1,Yes
1886,1650,2020-09-20,1727,3,1,Yes
1887,1651,2021-04-06,1295,5,3,No
1888,1651,2019-10-18,1651,5,2,No
1889,1651,2023-07-29,1488,5,0,No
1890,1651,2025-02-20,1349,3,2,No
1891,1651,2022-05-18,1156,4,5,No
1892,1652,2025-05-31,1546,2,5,No
1893,1652,2025-02-03,1262,4,0,Yes
1894,1653,2024-11-05,1575,3,0,Yes
1895,1653,2025-03-15,1766,5,2,No
1896,1653,2019-07-09,1299,3,3,No
1897,1653,2020-10-16,1031,2,4,Yes
1898,1654,2021-01-02,1361,5,3,No
1899,1654,2020-06-06,1784,1,2,No
1900,1654,2020-02-28,1241,4,4,Yes
1901,1654,2020-11-10,1388,5,0,Yes
1902,1654,2022-03-30,1406,2,1,Yes
1903,1655,2023-07-14,1297,2,1,No
1904,1655,2021-09-08,1564,4,2,Yes
1905,1655,2020-05-11,1429,5,2,No
1906,1655,2019-07-24,1789,3,5,Yes
1907,1655,2019-08-16,1681,3,4,No
1908,1656,2022-06-19,1880,4,3,No
1909,1656,2023-04-26,1294,4,1,Yes
1910,1657,2024-01-21,1296,1,4,No
1911,1657,2019-08-17,1782,4,5,Yes
1912,1657,2021-10-16,1700,1,3,No
1913,1657,2020-08-07,1998,4,3,Yes
1914,1658,2020-09-13,1634,2,1,Yes
1915,1659,2021-03-15,1585,4,0,No
1916,1659,2020-09-10,1625,2,1,No
1917,1659,2024-05-26,1701,1,2,Yes
1918,1659,2025-01-31,1761,5,5,No
1919,1659,2024-01-20,1566,5,1,Yes
1920,1660,2021-12-29,1378,2,1,No
1921,1660,2023-07-13,1960,2,2,Yes
1922,1660,2020-05-31,1301,1,0,Yes
1923,1660,2022-03-04,1592,4,3,Yes
1924,1661,2025-06-30,1455,2,1,No
1925,1661,2023-11-13,1513,1,4,No
1926,1661,2023-03-03,1894,2,1,No
1927,1661,2024-09-10,1740,1,0,Yes
1928,1661,2023-01-25,1699,4,4,No
1929,1662,2021-09-19,1073,4,2,Yes
1930,1662,2019-10-04,1733,5,5,Yes
1931,1662,2025-04-23,1450,4,5,Yes
1932,1662,2021-02-02,1300,4,5,Yes
1933,1663,2022-06-27,1410,5,5,No
1934,1663,2021-06-08,1439,1,0,Yes
1935,1663,2020-05-27,1868,3,4,Yes
1936,1664,2024-07-15,1376,4,5,No
1937,1664,2025-02-26,1146,2,3,Yes
1938,1665,2024-06-17,1100,3,5,Yes
1939,1665,2023-09-29,1470,4,1,No
1940,1665,2023-05-27,1351,3,5,No
1941,1666,2024-09-28,1807,4,5,No
1942,1666,2024-01-18,1582,3,4,Yes
1943,1666,2020-10-08,1780,2,1,No
1944,1667,2023-04-29,1227,3,4,No
1945,1668,2022-05-24,1315,2,4,No
1946,1668,2020-08-03,1487,4,5,No
1947,1668,2020-08-26,1159,2,1,No
1948,1669,2019-11-20,1264,2,0,Yes
1949,1669,2022-12-20,1598,3,1,Yes
1950,1669,2024-12-17,1266,3,5,No
1951,1669,2021-12-14,1489,5,1,No
1952,1670,2020-08-22,1602,5,2,No
1953,1670,2021-10-17,1388,4,5,Yes
1954,1671,2021-10-23,1494,2,3,No
1955,1671,2020-11-30,1015,1,2,Yes
1956,1671,2020-12-12,1317,2,1,Yes
1957,1671,2019-09-07,1285,5,5,Yes
1958,1671,2021-03-10,1666,2,2,No
1959,1672,2020-05-29,1584,1,5,Yes
1960,1672,2019-09-17,1760,2,2,Yes
1961,1672,2022-06-21,1409,1,2,Yes
1962,1672,2019-11-26,1278,5,4,Yes
1963,1673,2021-10-27,1458,5,4,Yes
1964,1674,2024-08-03,1263,2,5,Yes
1965,1674,2023-03-29,1234,4,1,Yes
1966,1675,2021-03-08,1273,5,2,Yes
1967,1675,2022-07-15,1761,2,5,Yes
1968,1675,2024-11-22,1928,2,4,No
1969,1675,2023-08-15,1063,2,1,Yes
1970,1675,2020-11-13,1600,5,3,No
1971,1676,2022-05-29,1550,1,2,Yes
1972,1677,2024-05-30,1490,1,3,Yes
1973,1677,2025-03-29,1488,2,0,Yes
1974,1678,2024-02-15,1499,3,4,Yes
1975,1678,2023-11-27,1596,4,0,No
1976,1678,2023-09-28,1797,2,4,No
1977,1678,2021-10-24,1001,3,3,No
1978,1678,2023-06-03,1505,2,2,No
1979,1679,2023-10-01,1291,3,2,Yes
1980,1679,2025-06-26,1350,3,5,No
1981,1679,2024-11-02,1641,4,0,Yes
1982,1679,2021-12-17,1500,1,2,No
1983,1679,2020-12-08,1508,2,1,Yes
1984,1680,2024-09-10,1690,3,0,No
1985,1680,2021-12-11,1351,5,1,Yes
1986,1680,2022-02-25,1798,1,1,Yes
1987,1680,2020-04-02,1315,5,2,No
1988,1681,2023-02-09,1484,1,5,No
1989,1681,2021-04-17,1950,5,1,Yes
1990,1681,2024-09-07,1332,2,1,No
1991,1681,2020-05-11,1805,2,1,Yes
1992,1681,2019-12-29,1334,5,3,No
1993,1682,2021-09-27,1235,3,3,No
1994,1682,2023-09-16,1380,2,2,No
1995,1682,2022-10-20,1745,3,5,No
1996,1683,2021-05-03,1316,4,4,No
1997,1683,2019-12-14,1781,4,0,No
1998,1683,2023-02-12,1057,4,2,Yes
1999,1683,2019-11-21,1999,4,2,Yes
2000,1684,2023-03-08,1214,3,2,No
2001,1684,2023-01-14,1025,3,3,No
2002,1685,2020-08-19,1572,5,5,Yes
2003,1685,2022-08-09,1817,2,4,No
2004,1685,2023-08-03,1877,3,0,Yes
2005,1686,2024-08-25,1165,3,5,No
2006,1686,2024-10-19,1965,5,3,Yes
2007,1687,2024-06-23,1705,4,1,No
2008,1687,2020-08-21,1622,5,3,Yes
2009,1687,2019-09-08,1104,1,5,No
2010,1687,2020-01-27,1283,5,2,No
2011,1688,2024-09-21,1114,4,1,Yes
2012,1688,2024-06-03,1333,4,1,Yes
2013,1688,2025-04-16,1604,3,4,Yes
2014,1689,2023-06-18,1091,4,1,No
2015,1689,2024-09-04,1587,5,5,No
2016,1689,2024-03-15,1571,5,2,Yes
2017,1689,2025-01-22,1144,1,5,No
2018,1689,2021-03-05,1981,3,3,Yes
2019,1690,2024-08-24,1329,4,1,No
2020,1690,2023-11-11,1371,3,1,No
2021,1691,2024-03-22,1619,1,1,Yes
2022,1691,2022-03-29,1658,4,3,No
2023,1691,2021-07-23,1826,4,0,Yes
2024,1692,2023-02-11,1383,1,4,No
2025,1692,2023-06-02,1033,5,2,No
2026,1692,2023-03-31,1290,5,2,Yes
2027,1692,2019-10-26,1753,1,4,Yes
2028,1692,2023-05-27,1998,5,0,Yes
2029,1693,2024-06-26,1867,1,4,No
2030,1693,2021-01-13,1625,2,0,No
2031,1693,2020-02-05,1838,3,3,No
2032,1693,2021-10-05,1911,2,5,No
2033,1693,2023-01-16,1075,2,5,No
2034,1694,2024-02-14,1541,4,0,No
2035,1694,2023-01-18,1589,3,0,No
2036,1694,2025-01-31,1020,1,1,No
2037,1694,2021-08-26,1438,2,2,Yes
2038,1695,2024-08-05,1691,3,4,No
2039,1695,2021-04-27,1670,2,4,No
2040,1695,2020-09-17,1915,5,1,Yes
2041,1695,2024-04-21,1792,2,1,No
2042,1695,2024-07-23,1186,1,0,Yes
2043,1696,2020-02-28,1554,3,0,No
2044,1696,2022-02-09,1892,3,1,Yes
2045,1697,2023-08-30,1311,2,3,No
2046,1697,2020-12-15,1239,2,2,Yes
2047,1698,2021-11-20,1899,4,0,No
2048,1698,2020-10-05,1027,4,5,Yes
2049,1699,2022-03-19,1051,4,3,No
2050,1699,2021-10-11,1204,2,3,Yes
2051,1699,2020-12-31,1096,2,4,Yes
2052,1699,2024-08-22,1167,2,0,No
2053,1700,2023-05-17,1367,3,3,Yes
2054,1700,2019-09-27,1216,1,4,No
2055,1700,2022-07-23,1490,3,4,Yes
2056,1700,2019-07-22,1968,4,0,Yes
2057,1700,2019-09-12,1390,4,3,Yes
2058,1701,2022-01-18,1370,3,0,No
2059,1701,2022-12-18,1969,3,1,Yes
2060,1701,2021-04-25,1667,4,3,Yes
2061,1702,2020-02-08,1748,3,0,Yes
2062,1702,2021-09-25,1868,2,1,Yes
2063,1702,2025-06-02,1132,5,1,Yes
2064,1703,2020-10-07,1781,1,0,Yes
2065,1703,2020-02-16,1888,3,2,No
2066,1703,2021-09-24,1844,2,3,Yes
2067,1703,2020-04-19,1179,5,1,Yes
2068,1704,2024-07-14,1901,1,1,Yes
2069,1704,2021-03-17,1510,2,2,No
2070,1704,2024-06-28,1641,3,2,No
2071,1705,2022-12-15,1803,1,2,Yes
2072,1706,2021-01-25,1036,2,3,Yes
2073,1706,2025-02-08,1553,4,4,Yes
2074,1706,2022-10-14,1162,1,0,No
2075,1706,2022-03-06,1919,2,0,No
2076,1707,2024-04-03,1116,4,3,No
2077,1708,2020-08-15,1451,2,4,Yes
2078,1708,2024-10-27,1319,4,3,No
2079,1708,2023-03-14,1132,3,5,No
2080,1708,2024-09-11,1980,5,5,Yes
2081,1708,2022-08-21,1490,4,5,Yes
2082,1709,2023-12-10,1225,5,1,Yes
2083,1709,2021-10-07,1231,1,5,Yes
2084,1710,2021-03-05,1290,5,0,Yes
2085,1710,2020-09-16,1232,3,1,No
2086,1710,2024-10-17,1337,4,5,No
2087,1710,2021-04-06,1779,2,2,No
2088,1711,2020-07-12,1678,2,4,Yes
2089,1711,2021-02-06,1766,4,5,Yes
2090,1711,2020-02-12,1814,2,1,Yes
2091,1712,2022-08-13,1650,1,1,Yes
2092,1712,2022-08-16,1407,3,0,No
2093,1713,2019-11-27,1879,3,1,No
2094,1713,2021-09-21,1463,2,3,No
2095,1713,2021-08-18,1559,4,0,No
2096,1713,2023-03-13,1672,5,2,No
2097,1714,2021-07-20,1262,3,3,No
2098,1714,2025-02-05,1680,1,5,No
2099,1715,2020-05-09,1270,1,2,No
2100,1715,2023-11-24,1658,1,4,Yes
2101,1715,2020-07-18,1097,2,3,Yes
2102,1715,2019-11-29,1124,5,5,No
2103,1715,2019-12-26,1130,3,2,No
2104,1716,2020-02-25,1567,1,4,Yes
2105,1716,2021-11-19,1408,5,1,Yes
2106,1716,2025-06-06,1861,2,0,Yes
2107,1716,2020-06-14,1752,3,4,Yes
2108,1717,2021-06-07,1881,5,4,Yes
2109,1717,2022-12-15,1820,5,2,Yes
2110,1717,2020-08-28,1711,5,1,No
2111,1717,2022-06-11,1163,1,5,Yes
2112,1717,2022-09-19,1651,5,1,Yes
2113,1718,2020-06-13,1965,5,3,Yes
2114,1718,2020-09-03,1286,1,3,No
2115,1718,2024-03-22,1400,5,3,No
2116,1718,2023-11-09,1480,3,1,No
2117,1718,2020-10-12,1001,1,2,No
2118,1719,2022-10-21,1946,5,4,Yes
2119,1719,2022-02-11,1061,4,1,Yes
2120,1720,2024-04-01,1843,2,1,No
2121,1720,2021-04-15,1806,2,5,No
2122,1720,2021-03-24,1401,5,1,Yes
2123,1720,2020-03-10,1855,3,0,Yes
2124,1721,2024-06-25,1144,4,0,Yes
2125,1721,2022-02-18,1211,4,1,No
2126,1721,2021-11-08,1779,3,0,Yes
2127,1722,2023-08-07,1319,5,0,No
2128,1722,2024-12-28,1238,4,2,Yes
2129,1722,2025-02-08,1555,5,3,Yes
2130,1722,2025-05-26,1073,3,2,Yes
2131,1722,2024-11-03,1391,3,0,No
2132,1723,2021-03-27,1600,2,5,No
2133,1723,2019-11-19,1777,3,1,Yes
2134,1723,2024-07-05,1091,5,4,No
2135,1723,2020-09-09,1248,4,5,No
2136,1724,2019-11-12,1059,1,2,No
2137,1724,2024-08-04,1927,3,5,No
2138,1724,2024-03-01,1430,3,2,Yes
2139,1724,2024-11-18,1014,1,5,No
2140,1725,2019-09-26,1600,4,1,No
2141,1725,2024-09-16,1682,3,0,No
2142,1726,2022-05-18,1622,5,3,No
2143,1726,2020-01-04,1044,5,0,Yes
2144,1726,2022-12-22,1590,1,0,Yes
2145,1726,2020-07-27,1370,5,5,No
2146,1726,2025-03-01,1835,4,5,Yes
2147,1727,2025-05-12,1663,4,3,Yes
2148,1727,2024-08-20,1963,4,5,No
2149,1727,2020-09-11,1686,1,1,Yes
2150,1728,2025-04-03,1646,3,0,No
2151,1729,2021-06-26,1822,1,5,No
2152,1729,2022-08-27,1870,3,2,No
2153,1729,2025-02-05,1361,2,2,No
2154,1729,2023-09-21,1803,1,2,No
2155,1730,2022-09-18,1788,2,1,No
2156,1730,2022-01-01,1759,4,2,Yes
2157,1730,2025-04-27,1865,4,0,No
2158,1731,2022-10-16,1632,5,5,Yes
2159,1731,2022-05-26,1325,3,0,Yes
2160,1731,2022-05-06,1655,4,2,No
2161,1732,2021-01-09,1775,4,1,No
2162,1732,2022-08-26,1877,4,2,No
2163,1733,2023-01-03,1918,3,1,Yes
2164,1733,2024-01-12,1331,1,0,Yes
2165,1733,2022-02-15,1596,3,4,No
2166,1733,2025-06-13,1775,5,4,Yes
2167,1734,2024-12-05,1634,1,1,Yes
2168,1734,2023-06-07,1093,5,5,No
2169,1734,2025-05-07,1873,3,1,No
2170,1734,2020-05-18,1546,3,3,Yes
2171,1735,2021-08-26,1107,3,4,Yes
2172,1735,2019-12-21,1332,2,3,Yes
2173,1735,2022-05-05,1252,5,1,No
2174,1735,2019-09-02,1027,4,1,Yes
2175,1736,2020-03-01,1897,2,3,Yes
2176,1736,2025-04-10,1149,1,2,Yes
2177,1737,2022-05-28,1879,5,3,No
2178,1738,2022-04-05,1570,5,4,Yes
2179,1738,2022-10-31,1423,2,4,No
2180,1738,2023-05-25,1643,5,3,No
2181,1738,2025-02-10,1724,3,2,No
2182,1739,2023-03-11,1374,2,2,No
2183,1739,2021-04-16,1079,2,2,Yes
2184,1739,2021-04-10,1815,5,4,Yes
2185,1740,2021-04-22,1940,5,5,No
2186,1741,2022-05-19,1322,1,4,Yes
2187,1741,2021-01-30,1738,3,5,Yes
2188,1741,2021-04-11,1477,3,4,Yes
2189,1741,2021-10-07,1472,5,3,No
2190,1741,2020-12-24,1606,4,0,Yes
2191,1742,2023-07-21,1574,4,4,Yes
2192,1743,2020-09-23,1489,2,0,No
2193,1743,2025-05-22,1067,3,4,No
2194,1743,2020-11-05,1971,1,5,No
2195,1744,2024-10-07,1722,2,3,Yes
2196,1744,2019-10-20,1678,4,2,No
2197,1744,2022-01-25,1339,2,4,No
2198,1744,2024-09-27,1148,5,5,No
2199,1745,2021-07-15,1995,5,0,No
2200,1746,2025-01-23,1123,1,4,Yes
2201,1746,2022-09-04,1543,4,5,Yes
2202,1746,2019-09-25,1751,2,1,Yes
2203,1746,2024-12-23,1856,2,0,No
2204,1746,2025-04-28,1747,1,2,Yes
2205,1747,2020-03-23,1969,4,4,No
2206,1748,2022-10-02,1391,4,1,No
2207,1748,2024-11-12,1188,1,2,No
2208,1748,2023-08-18,1182,4,2,No
2209,1748,2019-08-03,1093,2,2,No
2210,1749,2022-04-02,1233,3,5,Yes
2211,1749,2020-01-16,1348,4,0,No
2212,1750,2022-04-10,1901,5,0,Yes
2213,1751,2021-12-12,1098,2,0,Yes
2214,1751,2020-09-10,1005,3,3,No
2215,1751,2025-05-28,1029,5,4,No
2216,1752,2021-03-07,1979,2,1,No
2217,1753,2024-12-07,1549,2,2,Yes
2218,1753,2020-10-25,1894,2,4,No
2219,1754,2023-07-13,1182,4,5,Yes
2220,1754,2022-12-17,1520,2,3,Yes
2221,1754,2020-08-07,1638,1,4,Yes
2222,1754,2023-01-02,1827,3,2,Yes
2223,1754,2024-02-18,1358,2,4,Yes
2224,1755,2021-04-28,1510,2,4,Yes
2225,1756,2022-12-12,1943,3,3,No
2226,1756,2022-02-16,1803,4,0,Yes
2227,1756,2019-12-27,1347,2,2,Yes
2228,1756,2023-04-04,1246,4,1,No
2229,1756,2021-04-22,1043,3,0,No
2230,1757,2023-08-16,1102,5,0,No
2231,1757,2020-07-03,1934,5,4,No
2232,1757,2022-11-20,1776,5,5,Yes
2233,1757,2021-03-06,1290,3,1,No
2234,1757,2023-08-29,1782,2,2,No
2235,1758,2024-07-09,1446,4,0,No
2236,1758,2021-01-06,1025,4,0,No
2237,1758,2021-06-07,1575,4,4,No
2238,1758,2023-07-26,1314,4,2,Yes
2239,1759,2022-07-09,1852,1,1,Yes
2240,1759,2020-06-03,1315,5,5,Yes
2241,1759,2020-03-28,1657,3,5,Yes
2242,1759,2021-03-25,1548,1,0,No
2243,1759,2022-08-29,1395,2,2,Yes
2244,1760,2025-01-03,1757,5,4,Yes
2245,1760,2020-08-16,1521,3,5,Yes
2246,1760,2021-01-24,1933,2,0,No
2247,1760,2023-11-27,1973,2,1,No
2248,1761,2022-08-14,1732,2,3,Yes
2249,1762,2022-04-09,1656,5,0,Yes
2250,1762,2022-04-23,1945,4,1,Yes
2251,1762,2021-07-07,1947,3,0,Yes
2252,1762,2021-06-02,1676,3,1,No
2253,1762,2020-03-11,1847,2,2,No
2254,1763,2019-10-11,1160,2,4,Yes
2255,1764,2020-10-03,1685,3,3,No
2256,1764,2021-10-22,1210,3,3,Yes
2257,1764,2022-12-30,1426,4,3,No
2258,1764,2025-05-16,1863,2,3,No
2259,1764,2024-02-22,1615,1,5,No
2260,1765,2022-08-12,1713,4,1,Yes
2261,1766,2024-06-18,1653,1,0,Yes
2262,1767,2023-08-22,1069,2,4,No
2263,1767,2021-10-07,1172,3,5,No
2264,1767,2023-09-04,1292,5,2,No
2265,1767,2021-11-13,1877,5,2,Yes
2266,1768,2022-04-23,1405,2,0,No
2267,1769,2023-04-03,1131,5,0,No
2268,1769,2020-09-28,1491,1,0,Yes
2269,1770,2020-07-07,1854,4,1,Yes
2270,1771,2023-05-20,1248,4,4,No
2271,1772,2024-01-13,1757,2,3,Yes
2272,1772,2020-12-12,1679,5,1,Yes
2273,1772,2019-12-30,1743,3,0,Yes
2274,1772,2023-03-05,1972,2,2,No
2275,1773,2025-05-15,1359,4,1,Yes
2276,1773,2020-02-06,1401,4,1,No
2277,1774,2021-08-10,1066,2,1,Yes
2278,1774,2024-07-11,1344,4,0,No
2279,1774,2020-02-25,1072,2,4,No
2280,1774,2021-07-11,1571,2,1,No
2281,1774,2024-02-13,1059,1,5,Yes
2282,1775,2022-07-23,1531,5,0,Yes
2283,1775,2019-12-01,1742,3,2,Yes
2284,1775,2019-11-16,1147,1,5,Yes
2285,1775,2020-04-16,1007,4,0,Yes
2286,1776,2023-03-18,1788,5,0,Yes
2287,1776,2020-10-08,1781,1,4,Yes
2288,1776,2020-10-07,1021,4,4,No
2289,1776,2023-03-17,1290,5,3,No
2290,1777,2021-10-22,1700,4,4,No
2291,1777,2023-07-11,1354,4,3,Yes
2292,1778,2019-11-08,1550,3,1,Yes
2293,1778,2025-07-04,1294,2,3,No
2294,1778,2024-02-14,1904,2,2,Yes
2295,1778,2022-02-15,1443,3,1,Yes
2296,1779,2021-03-07,1421,5,1,No
2297,1779,2021-05-30,1129,3,1,No
2298,1779,2021-11-17,1432,4,3,No
2299,1779,2020-10-13,1455,4,3,No
2300,1780,2022-02-14,1334,4,1,Yes
2301,1780,2021-05-27,1252,2,5,Yes
2302,1780,2020-02-13,1583,2,5,No
2303,1781,2024-10-22,1562,4,2,No
2304,1781,2025-03-02,1219,4,1,No
2305,1781,2022-01-13,1112,5,5,No
2306,1781,2024-10-25,1308,5,3,Yes
2307,1782,2020-06-26,1223,3,4,Yes
2308,1782,2022-02-16,1676,4,4,No
2309,1783,2023-05-18,1966,4,0,Yes
2310,1783,2021-12-02,1396,5,5,Yes
2311,1784,2024-03-31,1764,5,1,No
2312,1784,2024-12-27,1589,2,1,No
2313,1784,2025-06-09,1325,4,1,Yes
2314,1785,2022-05-26,1324,5,4,Yes
2315,1785,2025-01-09,1693,1,0,Yes
2316,1785,2025-02-18,1022,1,0,No
2317,1785,2021-05-08,1874,1,2,No
2318,1786,2024-01-16,1762,2,1,No
2319,1786,2024-07-28,1861,1,2,No
2320,1787,2023-03-20,1927,4,3,No
2321,1787,2022-09-15,1721,2,2,No
2322,1787,2025-06-24,1104,5,1,Yes
2323,1787,2023-10-25,1168,4,0,No
2324,1787,2019-08-23,1163,5,4,No
2325,1788,2023-11-07,1707,2,0,Yes
2326,1788,2023-05-26,1932,4,0,Yes
2327,1788,2023-08-22,1139,4,3,No
2328,1789,2022-08-10,1175,1,4,No
2329,1789,2022-04-25,1954,4,4,Yes
2330,1789,2023-01-06,1459,1,3,No
2331,1789,2024-06-20,1907,3,0,No
2332,1790,2019-09-08,1182,2,4,No
2333,1791,2024-01-15,1939,2,0,Yes
2334,1791,2023-08-28,1985,3,2,Yes
2335,1791,2021-09-10,1364,5,3,Yes
2336,1791,2020-03-08,1637,5,3,Yes
2337,1792,2020-06-11,1872,3,1,No
2338,1792,2021-10-11,1533,1,3,No
2339,1792,2021-08-03,1928,2,0,Yes
2340,1793,2025-05-28,1270,4,3,No
2341,1793,2024-02-14,1042,3,5,No
2342,1793,2024-10-31,1676,1,2,Yes
2343,1794,2020-04-13,1893,5,0,Yes
2344,1794,2020-03-14,1310,4,1,No
2345,1795,2019-09-07,1398,1,5,No
2346,1795,2023-04-16,1714,4,2,No
2347,1795,2020-06-16,1823,5,3,No
2348,1795,2022-07-22,1725,3,1,No
2349,1796,2021-06-26,1566,2,3,No
2350,1796,2020-03-24,1274,1,3,Yes
2351,1796,2023-02-27,1825,3,4,Yes
2352,1797,2021-07-03,1831,2,0,Yes
2353,1798,2021-07-07,1182,3,0,Yes
2354,1799,2022-03-07,1821,2,0,Yes
2355,1799,2022-07-19,1010,1,5,No
2356,1799,2025-05-29,1892,5,0,Yes
2357,1799,2021-04-18,1597,4,5,No
2358,1799,2025-03-07,1805,1,4,Yes
2359,1800,2022-02-11,1722,2,1,Yes
2360,1801,2023-03-16,1094,1,0,No
2361,1801,2021-11-04,1811,2,1,Yes
2362,1802,2020-06-07,1397,3,5,Yes
2363,1803,2020-06-21,1838,2,5,No
2364,1803,2023-09-20,1620,2,3,No
2365,1803,2020-10-03,1750,5,0,No
2366,1803,2020-07-16,1190,5,0,Yes
2367,1804,2020-04-03,1998,2,2,Yes
2368,1804,2024-05-21,1900,5,4,Yes
2369,1805,2024-01-16,1720,1,1,Yes
2370,1806,2021-01-23,1775,2,1,No
2371,1806,2021-12-08,1651,5,2,No
2372,1806,2022-01-23,1519,3,1,No
2373,1807,2020-02-05,1845,3,5,Yes
2374,1807,2023-07-04,1544,1,5,No
2375,1807,2023-03-05,1289,2,0,Yes
2376,1808,2020-01-05,1506,3,5,Yes
2377,1809,2024-11-01,1774,4,0,No
2378,1809,2021-01-22,1013,1,2,No
2379,1809,2022-07-02,1715,5,5,Yes
2380,1809,2024-02-26,1583,3,5,No
2381,1809,2021-08-30,1462,3,5,No
2382,1810,2022-08-05,1512,3,3,No
2383,1810,2025-01-29,1560,2,1,Yes
2384,1810,2020-08-28,1044,3,3,No
2385,1811,2024-02-15,1333,4,3,No
2386,1811,2021-11-22,1464,2,1,No
2387,1811,2022-08-05,1430,1,1,No
2388,1811,2024-04-11,1391,2,3,No
2389,1812,2020-05-12,1445,2,1,Yes
2390,1813,2019-10-31,1098,1,3,No
2391,1813,2020-09-24,1154,3,2,Yes
2392,1814,2022-12-14,1510,4,1,No
2393,1815,2021-09-28,1285,2,1,No
2394,1815,2021-10-22,1622,4,3,No
2395,1815,2025-01-27,1971,2,3,Yes
2396,1815,2021-03-09,1362,1,0,No
2397,1815,2024-11-18,1723,4,4,No
2398,1816,2024-10-25,1241,5,3,Yes
2399,1816,2024-07-19,1427,4,0,No
2400,1817,2020-07-08,1347,3,5,No
2401,1817,2023-08-24,1627,1,4,Yes
2402,1818,2024-09-05,1289,3,5,No
2403,1818,2024-12-03,1827,2,2,No
2404,1818,2022-09-15,1065,1,3,No
2405,1818,2021-10-28,1428,2,1,No
2406,1818,2021-12-19,1705,2,2,No
2407,1819,2021-02-28,1569,3,4,No
2408,1819,2022-07-29,1716,2,1,No
2409,1819,2019-07-29,1801,5,1,Yes
2410,1820,2019-11-04,1501,5,3,Yes
2411,1820,2021-07-01,1321,5,0,No
2412,1821,2020-06-18,1639,3,0,No
2413,1821,2022-02-03,1474,5,5,No
2414,1822,2021-11-09,1461,4,1,No
2415,1823,2024-09-13,1373,1,3,Yes
2416,1823,2020-07-18,1229,1,2,No
2417,1824,2024-02-16,1495,5,1,No
2418,1824,2020-11-10,1980,3,3,No
2419,1824,2021-12-03,1620,5,1,Yes
2420,1824,2021-10-02,1981,5,4,Yes
2421,1824,2023-01-14,1303,1,5,Yes
2422,1825,2022-11-14,1819,5,2,Yes
2423,1825,2024-09-12,1810,4,3,Yes
2424,1825,2020-05-27,1306,3,1,Yes
2425,1825,2022-05-19,1304,1,0,No
2426,1825,2020-05-15,1081,3,3,Yes
2427,1826,2022-03-05,1641,4,4,Yes
2428,1826,2023-05-21,1609,4,2,Yes
2429,1826,2022-09-23,1960,3,3,No
2430,1826,2024-03-11,1203,5,3,No
2431,1827,2020-11-27,1601,2,2,Yes
2432,1827,2023-03-13,1127,1,2,No
2433,1828,2024-11-13,1146,3,5,No
2434,1828,2024-12-20,1564,1,5,No
2435,1828,2022-08-06,1662,3,3,Yes
2436,1829,2021-09-23,1628,1,5,No
2437,1829,2021-05-28,1332,5,4,Yes
2438,1829,2020-11-30,1905,5,0,Yes
2439,1830,2020-03-12,1066,1,1,Yes
2440,1830,2023-03-18,1105,5,1,Yes
2441,1830,2024-07-11,1095,3,2,No
2442,1830,2023-12-19,1084,4,2,Yes
2443,1831,2025-06-10,1411,5,0,No
2444,1831,2023-11-18,1658,4,5,Yes
2445,1831,2019-10-07,1562,1,1,No
2446,1831,2021-01-28,1163,1,2,Yes
2447,1832,2020-11-07,1058,5,0,Yes
2448,1832,2019-12-26,1659,2,3,Yes
2449,1833,2023-04-25,1225,2,1,Yes
2450,1834,2024-08-17,1328,3,3,No
2451,1834,2021-03-31,1020,5,2,No
2452,1834,2023-07-23,1025,4,4,Yes
2453,1834,2024-02-29,1042,2,4,Yes
2454,1834,2021-05-26,1214,2,4,No
2455,1835,2024-08-02,1358,1,4,No
2456,1836,2023-07-31,1921,2,3,Yes
2457,1836,2023-03-15,1156,5,0,No
2458,1836,2019-10-10,1273,5,2,No
2459,1836,2023-04-12,1164,2,4,No
2460,1836,2021-01-06,1343,2,2,No
2461,1837,2022-10-23,1123,3,3,Yes
2462,1837,2023-06-25,1457,5,5,No
2463,1837,2025-02-04,1210,2,0,Yes
2464,1837,2025-04-06,1397,1,5,Yes
2465,1838,2021-05-13,1778,5,5,No
2466,1838,2022-02-23,1853,2,4,No
2467,1839,2019-07-19,1475,1,5,Yes
2468,1839,2019-07-29,1581,3,1,Yes
2469,1839,2024-07-03,1318,1,1,Yes
2470,1840,2024-05-12,1212,4,5,No
2471,1840,2020-01-24,1738,3,3,No
2472,1840,2023-06-19,1617,2,3,No
2473,1841,2023-05-23,1612,3,5,Yes
2474,1841,2023-11-23,1080,5,0,Yes
2475,1841,2021-10-31,1874,1,4,Yes
2476,1841,2024-10-24,1878,1,2,Yes
2477,1841,2024-12-16,1311,4,3,Yes
2478,1842,2024-06-20,1055,3,1,Yes
2479,1843,2023-04-22,1760,3,0,No
2480,1843,2021-02-09,1428,1,2,Yes
2481,1843,2020-06-14,1921,1,2,Yes
2482,1843,2022-05-24,1270,4,1,Yes
2483,1844,2023-05-04,1902,4,1,Yes
2484,1845,2019-08-10,1089,2,3,No
2485,1846,2023-09-24,1024,5,3,Yes
2486,1846,2022-05-12,1749,2,1,Yes
2487,1846,2021-03-22,1408,4,0,Yes
2488,1847,2021-03-17,1443,4,3,Yes
2489,1847,2025-03-07,1997,1,4,Yes
2490,1847,2024-09-26,1673,1,2,No
2491,1847,2020-09-20,1737,4,1,No
2492,1848,2020-05-30,1688,3,1,Yes
2493,1849,2021-10-31,1830,1,5,Yes
2494,1849,2023-06-05,1895,5,3,No
2495,1849,2022-04-15,1811,2,5,Yes
2496,1849,2023-12-01,1294,3,0,No
2497,1850,2020-04-09,1841,4,4,Yes
2498,1850,2020-08-28,1383,3,5,Yes
2499,1850,2020-11-30,1329,3,3,Yes
2500,1850,2022-07-02,1595,4,2,No
2501,1851,2023-02-19,1786,3,1,No
2502,1851,2022-05-07,1692,5,3,No
2503,1851,2025-02-15,1985,4,0,No
2504,1852,2020-05-28,1341,3,5,No
2505,1852,2021-12-02,1462,5,5,Yes
2506,1853,2024-09-04,1352,5,5,Yes
2507,1854,2022-06-08,1350,5,5,Yes
2508,1854,2022-03-22,1872,5,1,Yes
2509,1854,2019-07-25,1845,4,0,No
2510,1854,2022-05-19,1902,1,4,Yes
2511,1854,2021-02-08,1533,1,4,Yes
2512,1855,2019-08-14,1957,5,5,Yes
2513,1855,2022-04-14,1758,2,5,No
2514,1855,2020-01-15,1501,1,2,No
2515,1856,2020-02-16,1960,4,4,No
2516,1856,2023-01-12,1225,5,2,No
2517,1856,2021-12-09,1705,1,1,No
2518,1856,2021-02-05,1160,2,5,Yes
2519,1856,2025-03-30,1915,5,0,No
2520,1857,2019-10-13,1938,1,5,No
2521,1857,2023-07-01,1248,4,2,Yes
2522,1858,2020-09-04,1654,1,1,Yes
2523,1858,2019-09-26,1017,1,2,Yes
2524,1858,2021-02-28,1213,2,5,Yes
2525,1858,2022-09-05,1069,3,3,Yes
2526,1858,2025-06-19,1433,3,5,No
2527,1859,2020-08-25,1715,5,2,No
2528,1860,2021-12-03,1384,2,2,No
2529,1860,2022-06-19,1635,5,3,Yes
2530,1860,2022-02-16,1696,4,0,No
2531,1860,2022-01-29,1328,3,0,No
2532,1861,2022-04-30,1882,4,4,Yes
2533,1861,2023-09-07,1433,5,4,No
2534,1861,2022-12-01,1972,4,0,No
2535,1861,2023-05-18,1040,4,0,No
2536,1862,2022-02-21,1557,1,0,Yes
2537,1862,2021-02-06,1742,1,3,No
2538,1862,2024-02-22,1768,3,1,No
2539,1863,2023-12-14,1331,3,4,No
2540,1864,2024-04-21,1629,4,0,Yes
2541,1864,2021-10-31,1701,2,4,Yes
2542,1865,2022-04-12,1456,1,4,Yes
2543,1865,2024-12-12,1475,3,5,No
2544,1865,2024-10-10,1821,5,5,Yes
2545,1865,2023-06-27,1260,5,0,No
2546,1865,2024-04-28,1179,4,2,Yes
2547,1866,2023-12-26,1298,5,2,No
2548,1867,2025-04-10,1704,2,0,Yes
2549,1868,2022-11-19,1498,2,0,No
2550,1868,2019-07-21,1795,2,3,Yes
2551,1868,2023-09-29,1310,2,1,No
2552,1868,2022-08-26,1887,5,3,Yes
2553,1869,2022-03-16,1828,1,0,Yes
2554,1869,2023-02-18,1143,2,5,Yes
2555,1869,2021-07-17,1449,4,2,No
2556,1869,2022-10-27,1022,5,5,No
2557,1870,2024-03-02,1109,4,3,Yes
2558,1870,2021-11-02,1286,4,4,No
2559,1870,2021-07-28,1069,1,0,No
2560,1870,2024-01-04,1899,3,3,No
2561,1870,2024-06-21,1520,2,1,Yes
2562,1871,2022-10-03,1166,1,4,Yes
2563,1872,2020-08-21,1457,5,2,No
2564,1872,2020-07-29,1490,1,5,Yes
2565,1873,2021-10-02,1424,1,4,Yes
2566,1873,2021-11-19,1238,2,1,No
2567,1873,2022-06-08,1137,4,0,No
2568,1873,2020-12-17,1062,5,0,Yes
2569,1873,2025-02-07,1538,3,4,Yes
2570,1874,2021-11-16,1902,2,2,Yes
2571,1874,2021-03-10,1882,4,1,Yes
2572,1874,2024-04-07,1680,4,3,No
2573,1875,2021-05-31,1102,2,3,Yes
2574,1875,2025-06-19,1150,2,4,Yes
2575,1876,2023-01-26,1490,5,0,Yes
2576,1877,2022-09-13,1642,4,5,No
2577,1877,2021-10-15,1961,2,2,No
2578,1878,2023-10-02,1771,4,0,No
2579,1879,2024-06-14,1029,2,5,No
2580,1879,2021-10-07,1401,4,4,Yes
2581,1879,2020-05-21,1767,2,3,No
2582,1879,2021-11-05,1662,2,1,No
2583,1880,2023-01-28,1792,1,3,Yes
2584,1880,2019-10-13,1428,1,4,Yes
2585,1880,2023-04-04,1722,2,5,Yes
2586,1880,2021-10-26,1379,3,3,No
2587,1881,2023-03-17,1666,3,2,No
2588,1881,2019-12-04,1942,3,3,No
2589,1881,2023-08-15,1396,5,5,Yes
2590,1881,2025-06-30,1481,3,0,No
2591,1882,2024-02-06,1546,5,4,Yes
2592,1882,2021-11-13,1258,3,2,No
2593,1882,2019-08-02,1609,5,1,No
2594,1883,2021-05-14,1929,2,4,Yes
2595,1883,2022-01-31,1357,3,1,No
2596,1883,2022-12-26,1531,4,2,No
2597,1884,2023-04-13,1435,2,4,Yes
2598,1884,2020-10-29,1822,3,1,No
2599,1884,2020-08-15,1730,5,4,No
2600,1884,2025-05-18,1210,4,4,Yes
2601,1884,2019-10-06,1121,3,5,Yes
2602,1885,2024-03-30,1613,3,1,No
2603,1885,2021-08-17,1384,2,3,No
2604,1886,2020-03-19,1955,5,3,No
2605,1886,2020-03-09,1150,3,4,Yes
2606,1886,2020-07-25,1259,1,3,No
2607,1887,2023-03-13,1069,2,2,No
2608,1888,2023-04-05,1958,5,4,No
2609,1888,2019-11-16,1524,5,3,Yes
2610,1888,2022-01-01,1273,1,3,No
2611,1888,2020-09-03,1610,1,3,No
2612,1889,2022-08-02,1321,1,1,Yes
2613,1889,2021-03-10,1126,3,0,Yes
2614,1889,2020-05-10,1868,1,2,Yes
2615,1889,2021-06-12,1562,5,2,Yes
2616,1890,2023-05-01,1948,4,1,Yes
2617,1891,2020-08-22,1062,1,0,No
2618,1891,2022-03-01,1640,3,2,No
2619,1891,2022-05-05,1247,2,1,No
2620,1891,2022-01-07,1951,5,2,Yes
2621,1891,2021-05-08,1156,1,4,No
2622,1892,2020-08-10,1176,4,1,Yes
2623,1892,2019-11-03,1978,2,0,No
2624,1893,2024-01-14,1128,1,1,No
2625,1893,2021-07-09,1227,2,3,Yes
2626,1893,2023-02-24,1914,2,1,No
2627,1893,2021-02-22,1110,1,1,No
2628,1894,2023-05-31,1594,5,3,No
2629,1894,2024-09-01,1219,2,0,Yes
2630,1894,2021-02-12,1419,4,3,Yes
2631,1894,2022-09-11,1757,4,4,No
2632,1895,2021-01-26,1555,3,1,No
2633,1896,2021-04-03,1809,5,2,No
2634,1896,2020-05-19,1022,4,4,No
2635,1896,2023-05-04,1859,4,4,Yes
2636,1896,2019-07-08,1382,2,5,Yes
2637,1897,2019-09-21,1858,4,1,No
2638,1897,2021-11-05,1213,2,2,No
2639,1897,2021-01-18,1415,3,1,No
2640,1897,2019-08-31,1921,2,3,No
2641,1897,2019-08-14,1984,1,5,Yes
2642,1898,2020-02-12,1464,1,3,No
2643,1899,2022-09-06,1391,1,3,No
2644,1899,2022-12-14,1742,4,3,Yes
2645,1899,2022-12-09,1448,3,2,Yes
2646,1900,2020-10-25,1376,3,3,Yes
2647,1900,2023-02-20,1173,2,4,Yes
2648,1900,2019-07-31,1867,1,3,No
2649,1901,2020-02-28,1779,2,0,Yes
2650,1902,2022-08-16,1631,5,0,No
2651,1903,2023-04-16,1538,3,3,Yes
2652,1904,2020-11-08,1146,4,2,Yes
2653,1904,2021-04-19,1235,4,2,Yes
2654,1904,2025-01-21,1534,1,1,Yes
2655,1905,2023-02-13,1054,5,5,Yes
2656,1905,2022-12-22,1296,5,3,No
2657,1905,2021-07-24,1917,2,1,Yes
2658,1905,2021-10-13,1828,2,4,Yes
2659,1905,2022-09-21,1069,1,2,Yes
2660,1906,2021-08-06,1128,4,4,No
2661,1906,2024-08-03,1741,2,1,Yes
2662,1906,2024-05-05,1252,1,2,Yes
2663,1906,2025-05-07,1785,3,4,Yes
2664,1906,2021-05-27,1513,5,0,No
2665,1907,2020-03-17,1172,1,3,Yes
2666,1907,2021-05-16,1867,2,1,No
2667,1908,2021-06-07,1802,3,3,Yes
2668,1908,2020-11-21,1466,2,5,Yes
2669,1908,2020-01-12,1731,2,1,Yes
2670,1908,2020-12-27,1069,4,1,Yes
2671,1908,2020-04-07,1295,4,4,No
2672,1909,2024-06-24,1564,5,5,No
2673,1909,2019-07-31,1911,5,3,No
2674,1909,2021-05-30,1806,5,4,No
2675,1909,2020-11-05,1770,3,4,No
2676,1910,2022-02-05,1516,4,1,Yes
2677,1910,2024-08-08,1212,1,4,No
2678,1911,2022-11-20,1119,5,3,No
2679,1911,2022-09-30,1385,3,2,Yes
2680,1911,2023-03-05,1323,4,1,Yes
2681,1912,2021-02-13,1446,2,3,Yes
2682,1912,2024-05-10,1665,3,3,Yes
2683,1913,2021-09-08,1017,2,3,No
2684,1913,2021-06-11,1499,4,3,No
2685,1914,2024-11-16,1904,2,3,Yes
2686,1914,2021-03-12,1426,1,1,Yes
2687,1914,2021-04-15,1919,1,2,No
2688,1915,2019-11-26,1359,4,3,No
2689,1916,2022-10-03,1613,3,2,No
2690,1917,2020-02-04,1957,4,0,No
2691,1918,2022-12-26,1199,3,4,Yes
2692,1918,2024-01-25,1012,1,1,No
2693,1918,2020-05-01,1062,1,4,Yes
2694,1919,2025-02-22,1381,1,3,No
2695,1919,2020-12-02,1343,5,3,No
2696,1919,2020-03-12,1637,3,2,No
2697,1919,2019-12-25,1053,5,4,Yes
2698,1919,2023-07-13,1905,4,3,No
2699,1920,2022-07-25,1038,5,5,Yes
2700,1920,2024-08-09,1992,2,3,No
2701,1920,2021-02-09,1677,4,5,No
2702,1920,2024-12-19,1148,2,1,Yes
2703,1920,2022-12-03,1632,4,2,No
2704,1921,2022-06-15,1043,1,2,Yes
2705,1921,2022-05-16,1977,2,1,No
2706,1922,2024-03-04,1199,4,1,No
2707,1922,2025-05-16,1561,5,2,Yes
2708,1922,2022-04-11,1001,1,1,Yes
2709,1922,2024-02-20,1272,4,0,Yes
2710,1922,2022-06-02,1480,2,5,No
2711,1923,2022-03-07,1082,4,2,No
2712,1924,2020-08-24,1979,3,4,No
2713,1924,2020-02-04,1647,3,4,Yes
2714,1924,2025-01-05,1684,5,4,No
2715,1924,2022-08-29,1826,5,1,Yes
2716,1925,2024-01-08,1445,4,2,No
2717,1926,2025-01-07,1308,4,5,No
2718,1926,2023-04-26,1053,5,2,No
2719,1926,2020-05-09,1110,2,4,Yes
2720,1926,2022-03-19,1865,2,1,No
2721,1926,2024-12-08,1927,2,0,No
2722,1927,2019-08-12,1761,4,3,No
2723,1927,2019-08-18,1307,1,1,Yes
2724,1927,2021-01-28,1639,4,5,Yes
2725,1927,2022-05-28,1794,3,0,No
2726,1928,2024-09-16,1835,4,1,No
2727,1928,2021-06-22,1485,1,2,No
2728,1928,2019-12-25,1122,3,1,No
2729,1928,2020-01-21,1901,4,3,Yes
2730,1929,2021-07-03,1441,2,2,Yes
2731,1929,2021-01-10,1626,2,2,Yes
2732,1929,2019-08-26,1613,3,4,No
2733,1929,2021-12-20,1874,1,0,Yes
2734,1930,2024-09-11,1816,1,1,No
2735,1931,2025-02-12,1919,1,5,Yes
2736,1931,2021-07-29,1053,1,3,Yes
2737,1931,2022-07-14,1034,2,2,No
2738,1931,2021-01-21,1696,3,5,Yes
2739,1932,2021-07-15,1170,3,2,Yes
2740,1933,2022-10-27,1597,1,0,Yes
2741,1934,2025-04-22,1809,2,3,No
2742,1934,2024-05-28,1111,3,4,No
2743,1935,2023-01-15,1857,5,0,No
2744,1935,2025-04-06,1142,1,3,No
2745,1935,2021-01-01,1162,5,0,No
2746,1935,2020-03-29,1622,2,5,No
2747,1935,2021-08-12,1033,4,2,Yes
2748,1936,2022-10-03,1830,4,2,No
2749,1936,2024-07-28,1301,4,3,Yes
2750,1936,2023-02-12,1814,3,5,No
2751,1936,2021-07-25,1216,2,3,Yes
2752,1937,2023-01-24,1038,1,0,Yes
2753,1937,2024-06-06,1152,1,3,Yes
2754,1938,2020-04-06,1741,1,2,No
2755,1938,2020-10-26,1705,3,4,Yes
2756,1939,2024-03-17,1446,4,0,No
2757,1939,2019-10-28,1960,2,3,Yes
2758,1939,2020-12-07,1373,2,3,Yes
2759,1939,2022-01-31,1354,1,0,Yes
2760,1940,2023-02-03,1399,2,3,No
2761,1940,2019-12-14,1675,4,5,No
2762,1940,2020-07-22,1461,2,2,No
2763,1941,2020-07-24,1982,5,5,Yes
2764,1941,2023-04-11,1008,2,2,No
2765,1941,2021-05-18,1096,4,2,Yes
2766,1942,2020-12-17,1906,2,1,No
2767,1943,2021-09-26,1930,2,5,Yes
2768,1943,2022-11-27,1428,1,0,No
2769,1943,2023-12-08,1729,3,4,No
2770,1944,2020-04-07,1003,1,3,Yes
2771,1944,2024-09-03,1217,2,2,No
2772,1944,2023-11-17,1544,4,4,Yes
2773,1945,2020-04-26,1789,1,3,No
2774,1945,2023-02-22,1552,4,0,No
2775,1945,2024-05-30,1341,1,3,Yes
2776,1945,2023-01-19,1486,4,3,Yes
2777,1946,2022-05-10,1855,5,1,No
2778,1946,2022-12-11,1272,3,5,Yes
2779,1946,2025-04-27,1837,2,5,No
2780,1947,2021-05-10,1272,1,4,Yes
2781,1947,2022-09-24,1042,2,3,Yes
2782,1947,2024-07-05,1407,1,3,Yes
2783,1947,2022-09-12,1982,1,2,No
2784,1948,2023-06-12,1514,3,4,Yes
2785,1949,2019-09-07,1595,2,4,No
2786,1949,2024-06-04,1799,1,1,No
2787,1949,2024-04-11,1575,3,1,Yes
2788,1949,2021-09-13,1015,4,0,No
2789,1950,2021-09-20,1970,4,0,Yes
2790,1950,2023-08-17,1133,3,1,No
2791,1951,2020-01-12,1426,2,3,Yes
2792,1951,2020-07-10,1747,2,2,Yes
2793,1951,2021-08-01,1784,3,2,Yes
2794,1952,2020-05-12,1160,1,0,Yes
2795,1953,2021-12-31,1798,3,1,Yes
2796,1954,2024-08-23,1346,1,4,No
2797,1954,2023-02-01,1524,1,3,No
2798,1954,2023-03-06,1805,1,2,Yes
2799,1954,2023-01-10,1362,2,3,Yes
2800,1955,2021-05-06,1968,3,5,Yes
2801,1955,2021-02-28,1933,5,0,Yes
2802,1955,2023-05-06,1167,2,2,Yes
2803,1955,2022-10-19,1535,5,1,No
2804,1955,2022-08-29,1947,3,0,No
2805,1956,2021-03-03,1812,4,0,No
2806,1956,2025-01-19,1218,2,1,No
2807,1956,2022-02-05,1793,5,5,Yes
2808,1956,2019-09-26,2000,2,5,No
2809,1957,2019-07-24,1790,4,3,No
2810,1957,2024-02-12,1658,3,1,Yes
2811,1957,2025-01-30,1038,4,1,Yes
2812,1957,2025-04-26,1585,3,0,No
2813,1957,2019-12-08,1665,3,3,Yes
2814,1958,2024-11-06,1883,4,0,Yes
2815,1958,2021-11-13,1864,1,4,Yes
2816,1958,2019-09-03,1608,2,3,No
2817,1959,2024-03-18,1565,3,0,Yes
2818,1959,2022-10-15,1806,3,1,No
2819,1959,2020-12-14,1550,4,2,Yes
2820,1959,2019-09-15,1880,1,0,No
2821,1959,2021-04-12,1681,2,5,No
2822,1960,2025-06-24,1157,3,2,No
2823,1960,2023-10-06,1077,5,2,Yes
2824,1960,2020-04-18,1511,3,5,No
2825,1960,2025-03-03,1417,1,0,No
2826,1961,2019-09-03,1190,1,1,Yes
2827,1961,2020-05-23,1372,1,0,No
2828,1961,2021-05-11,1787,3,2,Yes
2829,1962,2019-08-13,1591,2,4,Yes
2830,1962,2019-07-19,1238,1,2,No
2831,1963,2024-05-25,1773,5,0,No
2832,1963,2024-12-29,1929,5,5,No
2833,1963,2019-11-20,1103,4,0,No
2834,1963,2022-02-13,1941,4,0,No
2835,1963,2020-01-14,1276,1,1,Yes
2836,1964,2023-05-03,1972,5,0,Yes
2837,1965,2022-01-23,1044,4,2,No
2838,1965,2021-04-24,1555,1,2,Yes
2839,1965,2023-08-16,1606,5,1,Yes
2840,1965,2021-04-05,1343,2,1,Yes
2841,1966,2021-10-13,1482,2,5,Yes
2842,1967,2025-01-23,1756,5,1,No
2843,1967,2020-09-28,1006,5,2,Yes
2844,1968,2023-06-18,1561,2,0,No
2845,1968,2024-11-18,1217,5,5,No
2846,1968,2021-01-04,1198,5,2,No
2847,1968,2021-05-02,1140,4,4,No
2848,1969,2023-01-28,1295,3,1,Yes
2849,1969,2025-06-21,1724,4,2,No
2850,1969,2024-03-03,1002,1,3,Yes
2851,1969,2024-04-19,1765,3,5,Yes
2852,1969,2020-10-16,1591,2,5,Yes
2853,1970,2021-02-20,1136,1,1,Yes
2854,1970,2025-06-12,1763,1,5,Yes
2855,1971,2024-08-07,1137,2,2,Yes
2856,1971,2020-11-25,1589,1,5,Yes
2857,1971,2021-10-21,1735,1,5,Yes
2858,1971,2021-09-04,1424,1,2,Yes
2859,1972,2020-07-22,1148,2,5,Yes
2860,1972,2021-02-25,1890,3,2,No
2861,1972,2020-10-06,1388,5,5,No
2862,1972,2020-01-10,1455,2,5,Yes
2863,1973,2022-03-18,1399,3,1,Yes
2864,1973,2022-03-21,1502,4,2,No
2865,1974,2020-10-11,1259,1,3,No
2866,1975,2024-07-19,1063,1,5,No
2867,1975,2025-01-25,1537,3,1,No
2868,1976,2021-06-26,1903,3,1,No
2869,1977,2020-03-30,1182,4,0,No
2870,1977,2023-02-09,1805,5,0,No
2871,1977,2024-04-02,1357,3,5,Yes
2872,1978,2024-07-14,1206,3,3,No
2873,1978,2024-05-08,1277,2,3,Yes
2874,1978,2020-01-04,1449,2,0,Yes
2875,1978,2020-10-31,1661,4,3,Yes
2876,1979,2022-12-16,1522,2,0,No
2877,1979,2020-09-09,1739,3,4,No
2878,1979,2024-04-01,1707,1,2,No
2879,1979,2020-03-12,1765,4,0,Yes
2880,1979,2023-02-25,1581,1,1,No
2881,1980,2024-08-13,1830,2,5,Yes
2882,1980,2025-01-18,1643,4,4,Yes
2883,1980,2023-08-21,1153,1,2,No
2884,1981,2022-05-12,1350,1,3,Yes
2885,1981,2023-07-20,1192,1,5,No
2886,1981,2024-05-04,1739,4,2,No
2887,1981,2021-04-28,1601,2,5,No
2888,1981,2023-05-03,1686,5,4,No
2889,1982,2022-10-29,1390,4,4,Yes
2890,1983,2019-09-19,1333,1,2,No
2891,1983,2025-05-04,1483,2,4,No
2892,1984,2022-12-19,1234,4,4,Yes
2893,1984,2024-12-23,1707,1,0,Yes
2894,1984,2022-04-27,1237,4,0,Yes
2895,1984,2024-06-13,1479,4,4,Yes
2896,1985,2023-03-25,1698,5,3,Yes
2897,1986,2024-10-18,1756,2,1,No
2898,1986,2023-02-12,1100,1,2,Yes
2899,1987,2020-12-10,1419,1,2,No
2900,1987,2022-10-10,1915,2,0,No
2901,1987,2024-04-28,1946,2,4,Yes
2902,1987,2022-07-24,1096,3,4,Yes
2903,1987,2025-05-14,1046,4,5,No
2904,1988,2019-08-28,1172,1,3,Yes
2905,1988,2021-01-18,1815,4,2,Yes
2906,1988,2023-08-13,1091,5,4,Yes
2907,1988,2024-02-06,1948,5,2,Yes
2908,1988,2019-11-19,1438,3,2,No
2909,1989,2023-02-15,1713,2,0,Yes
2910,1989,2021-04-19,1643,5,0,No
2911,1989,2020-02-17,1198,2,1,Yes
2912,1989,2022-06-08,1756,1,5,Yes
2913,1989,2019-10-19,1201,2,1,Yes
2914,1990,2022-01-09,1472,1,5,No
2915,1990,2020-05-17,1232,5,1,Yes
2916,1990,2023-03-04,1121,2,2,No
2917,1991,2023-04-11,1158,1,1,No
2918,1991,2021-04-30,1388,1,1,No
2919,1991,2025-06-29,1036,5,1,No
2920,1991,2025-03-30,1112,1,1,Yes
2921,1992,2020-08-20,1158,4,0,No
2922,1993,2021-12-18,1717,2,2,No
2923,1993,2021-06-16,1908,4,1,Yes
2924,1994,2019-09-04,1436,2,4,No
2925,1994,2023-05-05,1286,3,2,Yes
2926,1994,2020-01-07,1949,1,1,No
2927,1994,2021-06-07,1303,4,4,No
2928,1995,2021-08-10,1896,5,0,Yes
2929,1996,2022-03-17,1236,5,0,No
2930,1997,2023-07-18,1932,5,5,Yes
2931,1997,2021-02-17,1055,5,1,Yes
2932,1997,2020-08-04,1819,2,1,Yes
2933,1997,2020-08-18,1521,5,4,Yes
2934,1998,2022-05-14,1552,5,0,No
2935,1998,2020-05-30,1538,5,0,No
2936,1999,2023-04-15,1341,5,1,Yes
2937,1999,2024-02-22,1046,4,3,Yes
2938,1999,2023-09-14,1144,2,5,Yes
2939,2000,2024-05-01,1152,5,3,Yes
2940,2000,2020-06-21,1433,5,0,No
2941,2000,2025-06-30,1472,2,5,No
2942,2000,2021-01-07,1868,3,0,Yes
2943,2000,2019-08-15,1784,1,0,Yes
